mineral_name,chemical_index_id,group_id,subgroup_id,mineral_id
Donathite,0,0,,
Copper,1.1,1,,1
Danbaite,1.1,1,,10
Zhanghengite,1.11,1,,11
Mercury,1.12,1,,12
Kolymite,1.13,1,,13
Moschellandsbergite,1.14,1,,14
Eugenite,1.15,1,,15
Schachnerite,1.16,1,,16
Paraschachnerite,1.17,1,,17
Luanheite,1.18,1,,18
Weishanite,1.19,1,,19
Silver,1.2,1,,2
Indium,1.2,1,,20
Aluminium,1.21,1,,21
Khatyrkite,1.22,1,,22
Cupalite,1.23,1,,23
Diamond,1.24,1,,24
Graphite,1.25,1,,25
Chaoite,1.26,1,,26
Lonsdaleite,1.27,1,,27
Silicon,1.28,1,,28
Tin,1.29,1,,29
Lead,1.3,1,,30
Anyuiite,1.31,1,,31
Novodneprite,1.31,1,,31
Leadamalgam,1.32,1,,32
Arsenic,1.33,1,,33
Arsenolamprite,1.34,1,,34
Paxite,1.35,1,,35
Koutekite,1.36,1,,36
Domeykite,1.37,1,,37
Algodonite,1.38,1,,38
NovÃ¡kite,1.39,1,,39
Kutinaite,1.4,1,,40
Antimony,1.41,1,,41
Stibarsen,1.42,1,,42
Paradocrasite,1.43,1,,43
Horsfordite,1.44,1,,44
Cuprostibite,1.45,1,,45
Allargentum,1.46,1,,46
Aurostibite,1.47,1,,47
Dyscrasite,1.48,1,,48
Bismuth,1.49,1,,49
Gold,1.5,1,,5
Maldonite,1.5,1,,50
Sulphur,1.51,1,,51
RosickÃ½ite,1.52,1,,52
Selenium,1.53,1,,53
Tellurium,1.54,1,,54
Chromium,1.55,1,,55
Rhenium,1.56,1,,56
Iron,1.57,1,,57
Chromferide,1.58,1,,58
Ferchromide,1.59,1,,59
Auricupride,1.6,1,,6
Wairauite,1.6,1,,60
Nickel,1.61,1,,61
Kamacite,1.62,1,,62
Taenite,1.63,1,,63
Tetrataenite,1.64,1,,64
Awaruite,1.65,1,,65
Palladium,1.66,1,,66
Potarite,1.67,1,,67
Paolovite,1.68,1,,68
Stannopalladinite,1.69,1,,69
Tetra-auricupride,1.7,1,,7
Cabriite,1.7,1,,70
Taimyrite,1.71,1,,71
Atokite,1.72,1,,72
Rustenburgite,1.73,1,,73
Zvyagintsevite,1.74,1,,74
Plumbopalladinite,1.75,1,,75
Osmium,1.76,1,,76
Iridium,1.77,1,,77
Zinc,1.8,1,,8
Platinum,1.82,1,,82
Hongshiite,1.83,1,,83
Niggliite,1.84,1,,84
Isoferroplatinum,1.85,1,,85
Tetraferroplatinum,1.86,1,,86
Tulameenite,1.87,1,,87
Ferronickelplatinum,1.88,1,,88
Rhodium,1.89,1,,89
Cadmium,1.9,1,,9
Teepleite,10.1.1,10,1,1
Solongoite,10.1.11,10,1,11
Hydrochlorborite,10.1.12,10,1,12
Ekaterinite,10.1.13,10,1,13
Volkovskite,10.1.14,10,1,14
Chelkarite,10.1.15,10,1,15
Johachidolite,10.1.16,10,1,16
Satimolite,10.1.17,10,1,17
Chambersite,10.1.18,10,1,18
Congolite,10.1.19,10,1,19
Bandylite,10.1.2,10,1,2
Ericaite,10.1.20,10,1,20
Berborite,10.1.3,10,1,3
Fluoborite,10.1.4,10,1,4
Boracite,10.1.5,10,1,5
Karlite,10.1.6,10,1,6
Shabynite,10.1.7,10,1,7
Hilgardite,10.1.8/9/10,10,1,8/9/2010
LÃ¼neburgite,10.2.1,10,2,1
Cahnite,10.2.2,10,2,2
Teruggite,10.2.3,10,2,3
Seamanite,10.2.4,10,2,4
Sulfoborite,10.3.1,10,3,1
Heidornite,10.3.2,10,3,2
Charlesite,10.3.3,10,3,3
Canavesite,10.4.1,10,4,1
Carboborite,10.4.2,10,4,2
Borcarite,10.4.3,10,4,3
Sakhaite,10.4.4,10,4,4
Moydite-(Y),10.4.5,10,4,5
Gaudefroyite,10.4.6,10,4,6
Zabuyelite,11.1.1,11,1,1
Nyerereite,11.1.10,11,1,10
Natrofairchildite,11.1.11,11,1,11
Zemkorite,11.1.12,11,1,12
Pirssonite,11.1.13,11,1,13
Gaylussite,11.1.14,11,1,14
Baylissite,11.1.15,11,1,15
Fairchildite,11.1.16,11,1,16
BÃ¼tschliite,11.1.17,11,1,17
Teschemacherite,11.1.18,11,1,18
Natrite,11.1.2,11,1,2
Nahcolite,11.1.3,11,1,3
Wegscheiderite,11.1.4,11,1,4
Thermonatrite,11.1.5,11,1,5
Trona,11.1.6,11,1,6
Natron,11.1.7,11,1,7
Kalicinite,11.1.8,11,1,8
Shortite,11.1.9,11,1,9
Bismutite,11.10.1,11,10,1
Beyerite,11.10.2,11,10,2
Stichtite,11.11.1,11,11,1
Sharpite,11.11.10,11,11,10
Voglite,11.11.11,11,11,11
Andersonite,11.11.12,11,11,12
Swartzite,11.11.13,11,11,13
Rabbittite,11.11.14,11,11,14
Kamotoite-(Y),11.11.15,11,11,15
Shabaite-(Nd),11.11.16,11,11,16
Astrocyanite-(Ce),11.11.17,11,11,17
Bijvoetite-(Y),11.11.18,11,11,18
Widenmannite,11.11.19,11,11,19
Rutherfordine,11.11.2,11,11,2
Znucalite,11.11.20,11,11,20
Joliotite,11.11.3,11,11,3
Grimselite,11.11.4,11,11,4
Bayleyite,11.11.5,11,11,5
Metazellerite,11.11.6,11,11,6
Zellerite,11.11.7,11,11,7
Wyartite,11.11.8,11,11,8
Urancalcarite,11.11.9,11,11,9
Rhodochrosite,11.12.1,11,12,1
Holdawayite,11.12.2,11,12,2
Desautelsite,11.12.3,11,12,3
Kutnohorite,11.12.4,11,12,4
Siderite,11.13.1,11,13,1
Pyroaurite,11.13.2,11,13,2
Pyroaurite-2H,11.13.3,11,13,3
Brugnatellite,11.13.4,11,13,4
Coalingite,11.13.5,11,13,5
Ankerite,11.13.6,11,13,6
Spherocobaltite,11.14.1,11,14,1
Reevesite,11.14.10,11,14,10
Comblainite,11.14.11,11,14,11
SzymaÅ„skiite,11.14.12,11,14,12
Kolwezite,11.14.2,11,14,2
Nullaginite,11.14.3,11,14,3
Hellyerite,11.14.4,11,14,4
Otwayite,11.14.5,11,14,5
Zaratite,11.14.6,11,14,6
Kambaldaite,11.14.7,11,14,7
Glaukosphaerite,11.14.8,11,14,8
GaspÃ©ite,11.14.9,11,14,9
Malachite,11.2.1,11,2,1
Azurite,11.2.2,11,2,2
Chalconatronite,11.2.4,11,2,4
Callaghanite,11.2.5,11,2,5
Magnesite,11.3.1,11,3,1
Eitelite,11.3.10,11,3,10
Mcguinnessite,11.3.11,11,3,11
Barringtonite,11.3.2,11,3,2
Nesquehonite,11.3.3,11,3,3
Lansfordite,11.3.4,11,3,4
Pokrovskite,11.3.5,11,3,5
Artinite,11.3.6,11,3,6
Hydromagnesite,11.3.7,11,3,7
Giorgiosite,11.3.8,11,3,8
Dypingite,11.3.9,11,3,9
Calcite,11.4.1,11,4,1
Aragonite,11.4.2,11,4,2
Vaterite,11.4.3,11,4,3
Monohydrocalcite,11.4.4,11,4,4
Ikaite,11.4.5,11,4,5
Dolomite,11.4.6,11,4,6
Huntite,11.4.7,11,4,7
Sergeevite,11.4.8,11,4,8
Strontianite,11.5.1,11,5,1
Witherite,11.5.2,11,5,2
Norsethite,11.5.3,11,5,3
Alstonite,11.5.4,11,5,4
Paralstonite,11.5.5,11,5,5
Barytocalcite,11.5.6,11,5,6
Benstonite,11.5.7,11,5,7
Smithsonite,11.6.1,11,6,1
Otavite,11.6.10,11,6,10
Hydrozincite,11.6.2,11,6,2
Rosasite,11.6.3,11,6,3
Zincrosasite,11.6.4,11,6,4
Aurichalcite,11.6.5,11,6,5
Claraite,11.6.6,11,6,6
Minrecordite,11.6.7,11,6,7
Loseyite,11.6.8,11,6,8
Sclarite,11.6.9,11,6,9
Scarbroite,11.7.1,11,7,1
Wermlandite,11.7.10,11,7,10
Montroyalite,11.7.11,11,7,11
Dresserite,11.7.12,11,7,12
Hydrodresserite,11.7.13,11,7,13
Strontiodresserite,11.7.14,11,7,14
Hydroscarbroite,11.7.2,11,7,2
Dawsonite,11.7.3,11,7,3
Hydrotalcite,11.7.4,11,7,4
Hydrotalcite-2H,11.7.5,11,7,5
Indigirite,11.7.6,11,7,6
Alumohydrocalcite,11.7.7,11,7,7
Para-alumohydrocalcite,11.7.8,11,7,8
Tunisite,11.7.9,11,7,9
Calkinsite-(Ce),11.8.1,11,8,1
Kimuraite-(Y),11.8.10,11,8,10
Lokkaite-(Y),11.8.11,11,8,11
Calcioancylite-(Nd),11.8.12,11,8,12
Calcioancylite-(Ce),11.8.13,11,8,13
Burbankite,11.8.14,11,8,14
Khanneshite,11.8.15,11,8,15
Donnayite-(Y),11.8.16,11,8,16
Carbocernaite,11.8.17,11,8,17
Ancylite-(Ce),11.8.18,11,8,18
Ewaldite,11.8.19,11,8,19
Lanthanite-(La),11.8.2,11,8,2
Mckelveyite-(Y),11.8.20,11,8,20
Sahamalite-(Ce),11.8.21,11,8,21
Lanthanite-(Ce),11.8.3,11,8,3
Lanthanite-(Nd),11.8.4,11,8,4
Hydroxylbastnäsite-(Ce),11.8.5,11,8,5
Hydroxylbastnäsite-(Nd),11.8.6,11,8,6
Hydroxylbastnäsite-(La),11.8.7,11,8,7
RÃ©mondite-(Ce),11.8.8,11,8,8
Tengerite-(Y),11.8.9,11,8,9
Cerussite,11.9.1,11,9,1
Hydrocerussite,11.9.2,11,9,2
Dundasite,11.9.3,11,9,3
Gysinite-(Nd),11.9.4,11,9,4
Schuilingite-(Nd),11.9.5,11,9,5
Tuliokite,11.9.6,11,9,6
Weloganite,11.9.7,11,9,7
Sabinaite,11.9.8,11,9,8
Northupite,12.1.1,12,1,1
Bastnäsite-(Y),12.1.10,12,1,10
Parisite-(Ce),12.1.11,12,1,11
Parisite-(Nd),12.1.12,12,1,12
Synchysite-(Ce),12.1.13,12,1,13
Synchysite-(Y),12.1.14,12,1,14
Synchysite-(Nd),12.1.15,12,1,15
Röntgenite-(Ce),12.1.16,12,1,16
Cordylite-(Ce),12.1.17,12,1,17
Huanghoite-(Ce),12.1.19,12,1,19
Barentsite,12.1.2,12,1,2
Zhonghuacerite-(Ce),12.1.20,12,1,20
Cebaite-(Ce),12.1.21,12,1,21
Thorbastnäsite,12.1.22,12,1,22
Phosgenite,12.1.23,12,1,23
Barstowite,12.1.24,12,1,24
Albrechtschraufite,12.1.25,12,1,25
Kettnerite,12.1.26,12,1,26
Rouvilleite,12.1.3,12,1,3
Chlormagaluminite,12.1.4,12,1,4
Defernite,12.1.5,12,1,5
Brenkite,12.1.6,12,1,6
Stenonite,12.1.7,12,1,7
Bastnäsite-(Ce),12.1.8,12,1,8
Bastnäsite-(La),12.1.9,12,1,9
Burkeite,12.2.1,12,2,1
Schulenbergite,12.2.10,12,2,10
Leadhillite,12.2.11,12,2,11
Macphersonite,12.2.12,12,2,12
Susannite,12.2.13,12,2,13
Wherryite,12.2.14,12,2,14
Caledonite,12.2.15,12,2,15
Nasledovite,12.2.16,12,2,16
Jouravskite,12.2.17,12,2,17
Schröckingerite,12.2.18,12,2,18
Manganotychite,12.2.19,12,2,19
Hanksite,12.2.2,12,2,2
Hauckite,12.2.20,12,2,20
Paraotwayite,12.2.21,12,2,21
Carrboydite,12.2.22,12,2,22
Mountkeithite,12.2.23,12,2,23
CamÃ©rolaite,12.2.24,12,2,24
Tychite,12.2.3,12,2,3
Motukoreaite,12.2.4,12,2,4
Ferrotychite,12.2.5,12,2,5
Nakauriite,12.2.6,12,2,6
Carbonatecyanotrichite,12.2.7,12,2,7
Rapidcreekite,12.2.8,12,2,8
Tatarskite,12.2.9,12,2,9
Nitratine,13.1,13,,1
Humberstonite,13.1,13,,10
Mbobomkulite,13.11,13,,11
Hydrombobomkulite,13.12,13,,12
Nickelalumite,13.13,13,,13
Niter,13.2,13,,2
Gerhardtite,13.3,13,,3
Nitromagnesite,13.4,13,,4
Nitrocalcite,13.5,13,,5
Nitrobarite,13.6,13,,6
Buttgenbachite,13.7,13,,7
Sveite,13.8,13,,8
Darapskite,13.9,13,,9
Natrosilite,14.1.1,14,1,1
Ertixiite,14.1.2,14,1,2
Revdite,14.1.3,14,1,3
Makatite,14.1.4,14,1,4
Magadiite,14.1.5,14,1,5
Kenyaite,14.1.6,14,1,6
Grumantite,14.1.7,14,1,7
Silinaite,14.1.8,14,1,8
Zircon,14.10.1,14,10,1
Hilairite,14.10.10,14,10,10
Petarasite,14.10.11,14,10,11
Khibinskite,14.10.12,14,10,12
Wadeite,14.10.13,14,10,13
Dalyite,14.10.14,14,10,14
Kostylevite,14.10.15,14,10,15
Umbite,14.10.16,14,10,16
Paraumbite,14.10.17,14,10,17
Georgechaoite,14.10.18,14,10,18
Gittinsite,14.10.19,14,10,19
Hafnon,14.10.2,14,10,2
Calciocatapleiite,14.10.20,14,10,20
Calciohilairite,14.10.21,14,10,21
Armstrongite,14.10.22,14,10,22
Lemoynite,14.10.23,14,10,23
Catapleiite,14.10.24,14,10,24
Baghdadite,14.10.25,14,10,25
Lovozerite,14.10.26,14,10,26
LÃ¥venite,14.10.27,14,10,27
Penkvilksite,14.10.28,14,10,28
Darapiosite,14.10.29,14,10,29
Zektzerite,14.10.3,14,10,3
Bazirite,14.10.30,14,10,30
Komkovite,14.10.31,14,10,31
Zirsinalite,14.10.32,14,10,32
Tranquillityite,14.10.33,14,10,33
Parakeldyshite,14.10.4,14,10,4
Vlasovite,14.10.5,14,10,5
Keldyshite,14.10.6,14,10,6
Gaidonnayite,14.10.7,14,10,7
Terskite,14.10.8,14,10,8
Elpidite,14.10.9,14,10,9
Thorite,14.11.1,14,11,1
Huttonite,14.11.2,14,11,2
Umbozerite,14.11.3,14,11,3
Thornasite,14.11.4,14,11,4
Yttrialite-(Y),14.11.5,14,11,5
Edgarbaileyite,14.11.6,14,11,6
Brannockite,14.12.1,14,12,1
Malayaite,14.12.2,14,12,2
Stokesite,14.12.3,14,12,3
Pabstite,14.12.4,14,12,4
Alamosite,14.13.1,14,13,1
Creaseyite,14.13.10,14,13,10
Plumbotsumite,14.13.2,14,13,2
Luddenite,14.13.3,14,13,3
Molybdophyllite,14.13.4,14,13,4
Margarosanite,14.13.5,14,13,5
Ganomalite,14.13.6,14,13,6
Kentrolite,14.13.7,14,13,7
Barysilite,14.13.8,14,13,8
Melanotekite,14.13.9,14,13,9
Cavansite,14.14.1,14,14,1
Pentagonite,14.14.2,14,14,2
Goldmanite,14.14.3,14,14,3
Haradaite,14.14.4,14,14,4
Saneroite,14.14.5,14,14,5
Erlianite,14.14.6,14,14,6
Eulytine,14.14.7,14,14,7
Bismutoferrite,14.14.8,14,14,8
Kosmochlor,14.15.1,14,15,1
Natalyite,14.15.2,14,15,2
Knorringite,14.15.3,14,15,3
Krinovite,14.15.4,14,15,4
Uvarovite,14.15.5,14,15,5
Uranosilite,14.16.1,14,16,1
Uranophane,14.16.10,14,16,10
Parauranophane,14.16.11,14,16,11
Haiweeite,14.16.12,14,16,12
Metahaiweeite,14.16.13,14,16,13
Steacyite,14.16.15,14,16,15
Ekanite,14.16.16,14,16,16
Kasolite,14.16.17,14,16,17
Orlite,14.16.18,14,16,18
Oursinite,14.16.19,14,16,19
Coffinite,14.16.2,14,16,2
Soddyite,14.16.3,14,16,3
Swamboite-(Nd),14.16.4,14,16,4
Weeksite,14.16.5,14,16,5
Boltwoodite,14.16.6,14,16,6
Natroboltwoodite,14.16.7,14,16,7
Cuprosklodowskite,14.16.8,14,16,8
Sklodowskite,14.16.9,14,16,9
Rhodonite,14.17.1,14,17,1
Yofortierite,14.17.10,14,17,10
Tephroite,14.17.2,14,17,2
Braunite,14.17.3,14,17,3
Alleghanyite,14.17.4,14,17,4
Ribbeite,14.17.5,14,17,5
Leucophoenicite,14.17.6,14,17,6
Jerrygibbsite,14.17.7,14,17,7
Bementite,14.17.8,14,17,8
Parsettensite,14.17.9,14,17,9
Nambulite,14.18.1,14,18,1
Gonyerite,14.18.10,14,18,10
Tirodite,14.18.11,14,18,11
Manganhumite,14.18.12,14,18,12
Bustamite,14.18.13,14,18,13
Glaucochroite,14.18.14,14,18,14
Truscottite,14.18.15,14,18,15
Santaclaraite,14.18.16,14,18,16
Ferrobustamite,14.18.17,14,18,17
Johannsenite,14.18.18,14,18,18
Neltnerite,14.18.19,14,18,19
Natronambulite,14.18.2,14,18,2
Orlymanite,14.18.20,14,18,20
Inesite,14.18.21,14,18,21
Orientite,14.18.22,14,18,22
Ruizite,14.18.23,14,18,23
Bostwickite,14.18.24,14,18,24
Kittatinnyite,14.18.25,14,18,25
Lithiomarsturite,14.18.26,14,18,26
Serandite,14.18.27,14,18,27
Kvanefjeldite,14.18.28,14,18,28
Marsturite,14.18.29,14,18,29
Zakharovite,14.18.3,14,18,3
Raite,14.18.30,14,18,30
Richterite,14.18.31,14,18,31
Byelorussite-(Ce),14.18.32,14,18,32
Deerite,14.18.33,14,18,33
Calderite,14.18.34,14,18,34
Pyroxmangite,14.18.35,14,18,35
Dannemorite,14.18.36,14,18,36
Neotocite,14.18.37,14,18,37
Babingtonite,14.18.38,14,18,38
Manganbabingtonite,14.18.39,14,18,39
Norrishite,14.18.4,14,18,4
Ã–rebroite,14.18.40,14,18,40
Shafranovskite,14.18.5,14,18,5
Abswurmbachite,14.18.6,14,18,6
Donpeacorite,14.18.7,14,18,7
Kanoite,14.18.8,14,18,8
Caryopilite,14.18.9,14,18,9
Fayalite,14.19.1,14,19,1
Ferrosilite,14.19.2,14,19,2
Laihunite,14.19.3,14,19,3
Ferro-anthophyllite,14.19.4,14,19,4
Ferripyrophyllite,14.19.5,14,19,5
Greenalite,14.19.6,14,19,6
Cronstedtite,14.19.7,14,19,7
Hisingerite,14.19.8,14,19,8
Dioptase,14.2.1,14,2,1
Stringhamite,14.2.10,14,2,10
Apachite,14.2.11,14,2,11
Shattuckite,14.2.2,14,2,2
Plancheite,14.2.3,14,2,3
Gilalite,14.2.4,14,2,4
Chrysocolla,14.2.5,14,2,5
Litidionite,14.2.6,14,2,6
Reinhardbraunsite,14.2.7,14,2,7
Cuprorivaite,14.2.8,14,2,8
Kinoite,14.2.9,14,2,9
Emeleusite,14.20.1,14,20,1
Aegirine,14.20.2,14,20,2
Wilkinsonite,14.20.4,14,20,4
Tuperssuatsiaite,14.20.5,14,20,5
Riebeckite,14.20.6,14,20,6
Ferri-annite,14.20.7,14,20,7
"Fenaksite""",14.20.8,14,20,8
Montdorite,14.20.9,14,20,9
Olivine,14.21.1,14,21,1
Chesterite,14.21.10,14,21,10
Jimthompsonite,14.21.11,14,21,11
Clinojimthompsonite,14.21.12,14,21,12
Majorite,14.21.13,14,21,13
Balangeroite,14.21.14,14,21,14
Ringwoodite,14.21.2,14,21,2
Wadsleyite,14.21.3,14,21,3
Clinoferrosilite,14.21.4,14,21,4
Anthophyllite,14.21.5,14,21,5
Cummingtonite,14.21.6,14,21,6
Magnesiocummingtonite,14.21.7,14,21,7
"Grunerite""",14.21.8,14,21,8
Minnesotaite,14.21.9,14,21,9
Hedenbergite,14.22.1,14,22,1
Pyroxferroite,14.22.2,14,22,2
Ferro-akermanite,14.22.3,14,22,3
"Kirschsteinite""",14.22.4,14,22,4
Tungusite,14.22.5,14,22,5
Ferro-actinolite,14.22.6,14,22,6
Ilvaite,14.22.7,14,22,7
Julgoldite-(Fe2+),14.22.8,14,22,8
Andradite,14.22.9,14,22,9
Pigeonite,14.23.1,14,23,1
Actinolite,14.23.2,14,23,2
Magnesio-riebeckite,14.24.1,14,24,1
Magnesio-arfvedsonite,14.24.2,14,24,2
Celadonite,14.24.3,14,24,3
Roedderite,14.24.4,14,24,4
Merrihueite,14.24.5,14,24,5
Chayesite,14.24.6,14,24,6
Winchite,14.25.1,14,25,1
Ferri-winchite (of Leake 1978),14.25.2,14,25,2
Alumino-ferrowinchite,14.25.3,14,25,3
Ferro-ferri-winchite,14.25.4,14,25,4
Ferro-winchite,14.25.5,14,25,5
Arfvedsonite,14.25.6,14,25,6
Ferro-richterite,14.25.7,14,25,7
Imandrite,14.25.8,14,25,8
Yakhontovite,14.25.9,14,25,9
Liebenbergite,14.26.1,14,26,1
Pecoraite,14.26.2,14,26,2
NÃ©pouite,14.26.3,14,26,3
Willemseite,14.26.4,14,26,4
Karpinskite,14.26.5,14,26,5
Falcondoite,14.26.6,14,26,6
Phenakite,14.3.1,14,3,1
Semenovite-(Ce),14.3.10,14,3,10
Barylite,14.3.11,14,3,11
Hingganite-(Ce),14.3.12,14,3,12
Hingganite-(Yb),14.3.13,14,3,13
Hingganite-(Y),14.3.14,14,3,14
Minasgeraisite-(Y),14.3.15,14,3,15
SÃ¸rensenite,14.3.16,14,3,16
Trimerite,14.3.17,14,3,17
Chiavennite,14.3.18,14,3,18
Tvedalite,14.3.19,14,3,19
Bertrandite,14.3.2,14,3,2
Harstigite,14.3.20,14,3,20
Sverigeite,14.3.21,14,3,21
Joesmithite,14.3.22,14,3,22
Gadolinite-(Y),14.3.23,14,3,23
Gadolinite-(Ce),14.3.24,14,3,24
Calciogadolinite-(Y),14.3.25,14,3,25
Beryllite,14.3.3,14,3,3
Liberite,14.3.4,14,3,4
Chkalovite,14.3.5,14,3,5
Eudidymite,14.3.6,14,3,6
Epididymite,14.3.7,14,3,7
Gugiaite,14.3.8,14,3,8
Jeffreyite,14.3.9,14,3,9
Forsterite,14.4.1,14,4,1
Spadaite,14.4.10,14,4,10
Sepiolite,14.4.11,14,4,11
Loughlinite,14.4.12,14,4,12
Eifelite,14.4.13,14,4,13
Stevensite,14.4.14,14,4,14
Antigorite,14.4.15,14,4,15
Magnesio-anthophyllite,14.4.16,14,4,16
"Enstatite""",14.4.2,14,4,2
Clinoenstatite,14.4.3,14,4,3
Chrysotile,14.4.4,14,4,4
Clinochrysotile,14.4.5,14,4,5
Orthochrysotile,14.4.6,14,4,6
Parachrysotile,14.4.7,14,4,7
Lizardite,14.4.8,14,4,8
Talc,14.4.9,14,4,9
Wollastonite,14.5.1,14,5,1
Dellaite,14.5.10,14,5,10
Afwillite,14.5.11,14,5,11
Xonotlite,14.5.12,14,5,12
Foshagite,14.5.13,14,5,13
Hillebrandite,14.5.14,14,5,14
Jaffeite,14.5.15,14,5,15
Suolunite,14.5.16,14,5,16
Killalaite,14.5.17,14,5,17
Okenite,14.5.18,14,5,18
Riversideite,14.5.19,14,5,19
Wollastonite-7T,14.5.2,14,5,2
Trabzonite,14.5.20,14,5,20
Gyrolite,14.5.21,14,5,21
Foshallasite,14.5.22,14,5,22
Tobermorite,14.5.23,14,5,23
Clinotobermorite,14.5.24,14,5,24
Nekoite,14.5.25,14,5,25
Plombièrite,14.5.26,14,5,26
Jennite,14.5.27,14,5,27
Wollastonite-2M,14.5.3,14,5,3
Rankinite,14.5.4,14,5,4
Kilchoanite,14.5.5,14,5,5
Larnite,14.5.6,14,5,6
Bredigite,14.5.7,14,5,7
Hatrurite,14.5.8,14,5,8
Rosenhahnite,14.5.9,14,5,9
Combeite,14.6.1,14,6,1
Monticellite,14.6.10,14,6,10
Merwinite,14.6.11,14,6,11
Diopside,14.6.12,14,6,12
Tremolite,14.6.13,14,6,13
Pectolite,14.6.2,14,6,2
Pectolite-M2abc,14.6.3,14,6,3
Denisovite,14.6.4,14,6,4
Tokkoite,14.6.5,14,6,5
Mountainite,14.6.6,14,6,6
Rhodesite,14.6.7,14,6,7
Miserite,14.6.8,14,6,8
Ã…kermanite,14.6.9,14,6,9
Sanbornite,14.7.1,14,7,1
Taikanite,14.7.10,14,7,10
Willemite,14.7.11,14,7,11
Hemimorphite,14.7.12,14,7,12
Zincsilite,14.7.13,14,7,13
Hardystonite,14.7.14,14,7,14
Petedunnite,14.7.15,14,7,15
Clinohedrite,14.7.16,14,7,16
Junitoite,14.7.17,14,7,17
Larsenite,14.7.18,14,7,18
Esperite,14.7.19,14,7,19
Krauskopfite,14.7.2,14,7,2
Hodgkinsonite,14.7.20,14,7,20
Gerstmannite,14.7.21,14,7,21
Gageite,14.7.22,14,7,22
Franklinfurnaceite,14.7.23,14,7,23
Walstromite,14.7.3,14,7,3
Macdonaldite,14.7.4,14,7,4
Ericssonite,14.7.5,14,7,5
Ericssonite-2O,14.7.6,14,7,6
Gillespite,14.7.7,14,7,7
AndrÃ©meyerite,14.7.8,14,7,8
Pellyite,14.7.9,14,7,9
ThalÃ©nite-(Y),14.8.1,14,8,1
Nordite-(La),14.8.10,14,8,10
Nordite-(Ce),14.8.11,14,8,11
Jervisite,14.8.12,14,8,12
Cerite-(CeCa),14.8.13,14,8,13
Cascandite,14.8.14,14,8,14
Keiviite-(Y),14.8.2,14,8,2
Keiviite-(Yb),14.8.3,14,8,3
Tombarthite-(Y),14.8.4,14,8,4
Thortveitite,14.8.5,14,8,5
Sazhinite-(Ce),14.8.6,14,8,6
Monteregianite-(Y),14.8.7,14,8,7
Iraqite-(La),14.8.8,14,8,8
Ashcroftine-(Y),14.8.9,14,8,9
Natisite,14.9.1,14,9,1
Batisite,14.9.10,14,9,10
Fresnoite,14.9.11,14,9,11
Joaquinite-(Ce),14.9.12,14,9,12
Orthojoaquinite-(Ce),14.9.13,14,9,13
Strontiojoaquinite,14.9.14,14,9,14
Bario-orthojoaquinite,14.9.15,14,9,15
Strontio-orthojoaquinite,14.9.16,14,9,16
Bafertisite,14.9.17,14,9,17
Hejtmanite,14.9.18,14,9,18
Delindeite,14.9.19,14,9,19
Lorenzenite,14.9.2,14,9,2
Barytolamprophyllite,14.9.20,14,9,20
Trimounsite-(Y),14.9.21,14,9,21
Perrierite-(Ce),14.9.22,14,9,22
Chevkinite,14.9.23,14,9,23
Strontiochevkinite,14.9.24,14,9,24
Tisinalite,14.9.25,14,9,25
Neptunite,14.9.26,14,9,26
Manganoneptunite,14.9.27,14,9,27
Kupletskite,14.9.28,14,9,28
Astrophyllite,14.9.29,14,9,29
Lintisite,14.9.3,14,9,3
Hydroastrophyllite,14.9.30,14,9,30
Lobanovite,14.9.31,14,9,31
Baratovite,14.9.32,14,9,32
Aenigmatite,14.9.34,14,9,34
Schorlomite,14.9.35,14,9,35
Tinaksite,14.9.36,14,9,36
Janhaugite,14.9.37,14,9,37
Koashvite,14.9.38,14,9,38
Davanite,14.9.4,14,9,4
Kazakovite,14.9.5,14,9,5
Titanite,14.9.6,14,9,6
Ohmilite,14.9.7,14,9,7
Lamprophyllite,14.9.8,14,9,8
Benitoite,14.9.9,14,9,9
Andalusite,15.1,15,,1
Halloysite,15.1,15,,10
Allophane,15.11,15,,11
Kyanite,15.2,15,,2
Sillimanite,15.3,15,,3
Mullite,15.4,15,,4
Pyrophyllite,15.5,15,,5
Dickite,15.6,15,,6
Nacrite,15.7,15,,7
Kaolinite,15.8,15,,8
Metahalloysite,15.9,15,,9
Petalite,16.1.1,16,1,1
Clino-holmquistite Root Name Group,16.1.13,16,1,13
Magnesioholmquistite,16.1.14,16,1,14
Bityite,16.1.15,16,1,15
Sogdianite,16.1.16,16,1,16
Sugilite,16.1.17,16,1,17
Spodumene,16.1.2,16,1,2
Eucryptite,16.1.3,16,1,3
Virgilite,16.1.4,16,1,4
Cookeite,16.1.5,16,1,5
Bikitaite,16.1.6,16,1,6
Lunijianlaite,16.1.7,16,1,7
Swinefordite,16.1.8,16,1,8
Holmquistite,16.1.9,16,1,9
Bytownite,16.10.1,16,10,1
Herschelite,16.10.10,16,10,10
Phillipsite Subgroup,16.10.11,16,10,11
Fedorite,16.10.12,16,10,12
Willhendersonite,16.10.13,16,10,13
Barrerite,16.10.14,16,10,14
Mordenite,16.10.15,16,10,15
Reyerite,16.10.16,16,10,16
LÃ©vyne,16.10.17,16,10,17
Clinoptilolite Subgroup,16.10.18,16,10,18
Heulandite Subgroup,16.10.19,16,10,19
Lisetite,16.10.2,16,10,2
Gobbinsite,16.10.20,16,10,20
Stilbite Subgroup,16.10.21,16,10,21
Dachiardite Subgroup,16.10.22,16,10,22
Offretite,16.10.23,16,10,23
Perlialite,16.10.24,16,10,24
Erionite Subgroup,16.10.25,16,10,25
Paulingite,16.10.26,16,10,26
Sodium Dachiardite,16.10.27,16,10,27
Mazzite-Mg,16.10.28,16,10,28
Roggianite,16.10.29,16,10,29
Thomsonite-Ca,16.10.4,16,10,4
Gonnardite,16.10.5,16,10,5
Mesolite,16.10.6,16,10,6
Garronit-Ca,16.10.7,16,10,7
Garronite-Ca,16.10.8,16,10,8
Boggsite,16.10.9,16,10,9
Madisonite,16.11.1,16,11,1
Taramite,16.11.10,16,11,10
Edenite,16.11.12,16,11,12
Pargasite,16.11.13,16,11,13
Katophorite,16.11.14,16,11,14
Magnesiosadanagaite,16.11.15,16,11,15
Sadanagaite,16.11.16,16,11,16
Beidellite,16.11.17,16,11,17
Alumino-magnesio-hornblende,16.11.3,16,11,3
Tschermakite,16.11.4,16,11,4
Clintonite,16.11.5,16,11,5
Juanite,16.11.6,16,11,6
Pumpellyite-(Mg),16.11.7,16,11,7
Tacharanite,16.11.8,16,11,8
Aluminobarroisite,16.11.9,16,11,9
Stronalsite,16.12.1,16,12,1
Hyalophane,16.12.10,16,12,10
Balipholite,16.12.11,16,12,11
Armenite,16.12.12,16,12,12
Wellsite,16.12.13,16,12,13
Merlinoite,16.12.14,16,12,14
Anandite,16.12.15,16,12,15
Fraipontite,16.12.16,16,12,16
Sauconite,16.12.17,16,12,17
Minehillite,16.12.18,16,12,18
Hendricksite,16.12.19,16,12,19
Slawsonite,16.12.2,16,12,2
Baileychlore,16.12.20,16,12,20
Brewsterite Subgroup,16.12.3,16,12,3
Celsian,16.12.4,16,12,4
Paracelsian,16.12.5,16,12,5
Cymrite,16.12.6,16,12,6
Edingtonite,16.12.7,16,12,7
Banalsite,16.12.8,16,12,8
Harmotome,16.12.9,16,12,9
Vyuntspakhkite-(Y),16.13.1,16,13,1
Törnebohmite-(Ce),16.13.2,16,13,2
Törnebohmite-(La),16.13.3,16,13,3
Allanite-(Y),16.13.4,16,13,4
Allanite-(Ce),16.13.5,16,13,5
Dollaseite-(Ce),16.13.6,16,13,6
Dissakisite-(Ce),16.13.8,16,13,8
Zorite,16.14.1,16,14,1
Ellenbergerite,16.14.10,16,14,10
Carlosturanite,16.14.11,16,14,11
Eakerite,16.14.12,16,14,12
Plumalsite,16.14.13,16,14,13
Wickenburgite,16.14.14,16,14,14
Maricopaite,16.14.15,16,14,15
Hancockite,16.14.16,16,14,16
Burckhardtite,16.14.17,16,14,17
Mathewrogersite,16.14.18,16,14,18
Vinogradovite,16.14.2,16,14,2
Rhönite,16.14.3,16,14,3
Kaersutite,16.14.4,16,14,4
Ferro-kaersutite,16.14.5,16,14,5
Jonesite,16.14.6,16,14,6
Lourenswalsite,16.14.7,16,14,7
Labuntsovite-Mn,16.14.8,16,14,8
Kimzeyite,16.14.9,16,14,9
Roscoelite,16.15.1,16,15,1
Mukhinite,16.15.2,16,15,2
Chernykhite,16.15.3,16,15,3
Rilandite,16.15.4,16,15,4
Shuiskite-(Mg),16.15.5,16,15,5
Volkonskoite,16.15.6,16,15,6
Kanonaite,16.16.1,16,16,1
Mangano-ferri-eckermannite,16.16.10,16,16,10
Masutomilite,16.16.11,16,16,11
Howieite,16.16.13,16,16,13
Eggletonite,16.16.14,16,16,14
Bannisterite,16.16.15,16,16,15
Taneyamalite,16.16.16,16,16,16
Zussmanite,16.16.17,16,16,17
Coombsite,16.16.18,16,16,18
Henritermierite,16.16.19,16,16,19
Spessartine,16.16.2,16,16,2
Macfallite,16.16.20,16,16,20
OttrÃ©lite,16.16.21,16,16,21
Piemontite,16.16.22,16,16,22
Okhotskite,16.16.23,16,16,23
Pumpellyite-(Mn2+),16.16.24,16,16,24
Piemontite-(Sr),16.16.25,16,16,25
Davreuxite,16.16.3,16,16,3
Sursassite,16.16.4,16,16,4
Carpholite,16.16.5,16,16,5
Kellyite,16.16.6,16,16,6
Pennantite,16.16.7,16,16,7
Akatoreite,16.16.8,16,16,8
Ganophyllite,16.16.9,16,16,9
Almandine,16.17.1,16,17,1
Macaulayite,16.17.2,16,17,2
Nontronite,16.18.1,16,18,1
Ferro-glaucophane,16.18.2,16,18,2
Tuhualite,16.18.3,16,18,3
Annite,16.18.4,16,18,4
Siderophyllite,16.18.5,16,18,5
Indialite,16.19.1,16,19,1
Delessite,16.19.10,16,19,10
Ferrocarpholite,16.19.11,16,19,11
Magnesiocarpholite,16.19.12,16,19,12
Chamosite,16.19.13,16,19,13
Orthochamosite,16.19.14,16,19,14
Berthierine,16.19.15,16,19,15
Odinite,16.19.16,16,19,16
Clinochlore,16.19.17,16,19,17
Gedrite,16.19.18,16,19,18
Magnesiogedrite,16.19.19,16,19,19
Cordierite,16.19.2,16,19,2
Diabantite,16.19.20,16,19,20
Sudoite,16.19.21,16,19,21
Vermiculite,16.19.22,16,19,22
Corrensite,16.19.23,16,19,23
Sekaninaite,16.19.3,16,19,3
Ferro-gedrite,16.19.4,16,19,4
Staurolite,16.19.5,16,19,5
Chloritoid,16.19.6,16,19,6
Amesite,16.19.7,16,19,7
Corundophilite,16.19.8,16,19,8
Yoderite,16.19.9,16,19,9
Albite,16.2.1,16,2,1
Jadeite,16.2.10,16,2,10
Brammallite,16.2.11,16,2,11
Analcime,16.2.2,16,2,2
Ussingite,16.2.3,16,2,3
Paragonite,16.2.4,16,2,4
Natrolite,16.2.5,16,2,5
Tetranatrolite,16.2.6,16,2,6
Paranatrolite,16.2.7,16,2,7
Ephesite,16.2.8,16,2,8
Rectorite,16.2.9,16,2,9
Glaucophane,16.20.1,16,20,1
Glauconite,16.20.10,16,20,10
Sodium-anthophyllite,16.20.2,16,20,2
Sodium Gedrite,16.20.3,16,20,3
Crossite,16.20.4,16,20,4
Ferro-eckermannite,16.20.5,16,20,5
Wonesite,16.20.6,16,20,6
Lennilenapeite,16.20.8,16,20,8
Stilpnomelane,16.20.9,16,20,9
Esseneite,16.21.1,16,21,1
Epidote,16.21.2,16,21,2
Ferro-tschermakite,16.21.3,16,21,3
Ferro-aluminotschermakite,16.21.4,16,21,4
Ferri-tschermakite,16.21.5,16,21,5
Ferro-ferri-tschermakite,16.21.6,16,21,6
Alumino-ferro-hornblende,16.21.7,16,21,7
Pumpellyite-(Fe2+),16.21.8,16,21,8
Pumpellyite-(Fe3+),16.21.8,16,21,8
Ferro-pargasite,16.22.1,16,22,1
Ferro-taramite,16.22.2,16,22,2
Ferro-ferri-taramite,16.22.3,16,22,3
Ferro-edenite,16.22.4,16,22,4
Aluminokatophorite,16.22.5,16,22,5
Augite,16.23.1,16,23,1
Dorrite,16.23.2,16,23,2
Vesuvianite,16.23.3,16,23,3
Ferro-hornblende,16.23.5,16,23,5
Magnesio-hornblende,16.23.6,16,23,6
Aerinite,16.23.7,16,23,7
Aegirine-augite,16.24.1,16,24,1
Ferro-ferri-barroisite,16.24.10,16,24,10
Hastingsite,16.24.11,16,24,11
Magnesio-hastingsite,16.24.12,16,24,12
Taramite Root Name Group,16.24.13,16,24,13
Ferri-taramite,16.24.14,16,24,14
Magnesiotaramite,16.24.15,16,24,15
Osumilite-(Mg),16.24.16,16,24,16
Osumilite,16.24.16,16,24,16
Omphacite,16.24.2,16,24,2
Ferri-katophorite,16.24.4,16,24,4
Ferro-ferri-katophorite,16.24.5,16,24,5
Barroisite,16.24.6,16,24,6
Ferri-barroisite,16.24.7,16,24,7
Alumino-ferrobarroisite,16.24.8,16,24,8
Ferro-barroisite,16.24.9,16,24,9
Brindleyite,16.25.1,16,25,1
Nimite,16.25.2,16,25,2
Maufite,16.25.3,16,25,3
Lithosite,16.3.1,16,3,1
Kaliophilite,16.3.2,16,3,2
Kalsilite,16.3.3,16,3,3
Leucite,16.3.4,16,3,4
Microcline,16.3.5,16,3,5
Orthoclase,16.3.6,16,3,6
Sanidine,16.3.7,16,3,7
Muscovite,16.3.8,16,3,8
Nepheline,16.4.1,16,4,1
Panunzite,16.4.2,16,4,2
Trikalsilite,16.4.3,16,4,3
Anorthoclase,16.4.4,16,4,4
Naujakasite,16.4.5,16,4,5
Montesommaite,16.4.6,16,4,6
Pollucite,16.5.1,16,5,1
Nanpingite,16.5.2,16,5,2
Buddingtonite,16.5.3,16,5,3
Ammonioleucite,16.5.4,16,5,4
Tobelite,16.5.5,16,5,5
Ajoite,16.5.6,16,5,6
Papagoite,16.5.7,16,5,7
Beryl,16.6.1,16,6,1
Euclase,16.6.2,16,6,2
Bavenite,16.6.3,16,6,3
Aminoffite,16.6.4,16,6,4
Milarite,16.6.5,16,6,5
Lovdarite,16.6.6,16,6,6
Surinamite,16.6.7,16,6,7
Ferrotaaffeite-6N'3S,16.6.8,16,6,8
Pyrope,16.7.1,16,7,1
Baumite,16.7.10,16,7,10
Sapphirine,16.7.2,16,7,2
Sapphirine-1A,16.7.3,16,7,3
Magnesiochloritoid,16.7.4,16,7,4
Kulkeite,16.7.5,16,7,5
Palygorskite,16.7.6,16,7,6
Saponite,16.7.7,16,7,7
Aliettite,16.7.8,16,7,8
Montmorillonite,16.7.9,16,7,9
Preiswerkite,16.8.1,16,8,1
NybÃ¸ite,16.8.3,16,8,3
Ferrierite Subgroup,16.8.4,16,8,4
Yagiite,16.8.5,16,8,5
Phlogopite,16.8.6,16,8,6
Gehlenite,16.9.1,16,9,1
Prehnite,16.9.10,16,9,10
Kamaishilite,16.9.11,16,9,11
Bicchulite,16.9.12,16,9,12
Margarite,16.9.13,16,9,13
Chantalite,16.9.14,16,9,14
Cebollite,16.9.15,16,9,15
Katoite,16.9.17,16,9,17
Lawsonite,16.9.18,16,9,18
ParthÃ©ite,16.9.19,16,9,19
Anorthite,16.9.2,16,9,2
Wairakite,16.9.20,16,9,20
Vertumnite,16.9.21,16,9,21
Scolecite,16.9.22,16,9,22
Laumontite,16.9.23,16,9,23
Yugawaralite,16.9.24,16,9,24
Gismondine-Ca,16.9.25,16,9,25
Epistilbite,16.9.26,16,9,26
Goosecreekite,16.9.27,16,9,27
Cowlesite,16.9.28,16,9,28
Yoshiokaite,16.9.3,16,9,3
Stellerite,16.9.30,16,9,30
Strätlingite,16.9.31,16,9,31
Amstallite,16.9.32,16,9,32
Svyatoslavite,16.9.4,16,9,4
Dmisteinbergite,16.9.5,16,9,5
Grossular,16.9.6,16,9,6
Vuagnatite,16.9.7,16,9,7
Zoisite,16.9.8,16,9,8
Clinozoisite,16.9.9,16,9,9
Hectorite,17.1.1,17,1,1
Chondrodite,17.1.10,17,1,10
Humite,17.1.11,17,1,11
Clinohumite,17.1.12,17,1,12
Canasite,17.1.13,17,1,13
Charoite,17.1.14,17,1,14
Cuspidine,17.1.15,17,1,15
Bultfonteinite,17.1.16,17,1,16
Zeophyllite,17.1.17,17,1,17
Rowlandite-(Y),17.1.18,17,1,18
Yuksporite,17.1.19,17,1,19
Yftisite-(Y),17.1.20,17,1,20
Mosandrite-(Ce),17.1.21,17,1,21
Hiortdahlite,17.1.22,17,1,22
Burpalite,17.1.23,17,1,23
Seidozerite,17.1.24,17,1,24
Thorosteenstrupine,17.1.25,17,1,25
Zircophyllite,17.1.26,17,1,26
Jinshajiangite,17.1.27,17,1,27
Rosenbuschite,17.1.28,17,1,28
Narsarsukite,17.1.29,17,1,29
Agrellite,17.1.3,17,1,3
Sonolite,17.1.30,17,1,30
Fluorapophyllite-(Na),17.1.4,17,1,4
Fluorapophyllite-(K),17.1.5,17,1,5
Hydroxyapophyllite-(K),17.1.6,17,1,6
Hsianghualite,17.1.7,17,1,7
Leucophanite,17.1.8,17,1,8
Norbergite,17.1.9,17,1,9
Nosean,17.10.1,17,10,1
Hydrodelhayelite,17.10.10,17,10,10
Davyne,17.10.11,17,10,11
Afghanite,17.10.12,17,10,12
Franzinite,17.10.13,17,10,13
Giuseppettite,17.10.14,17,10,14
Sacrofanite,17.10.15,17,10,15
Chessexite,17.10.16,17,10,16
Innelite,17.10.17,17,10,17
Thaumasite,17.10.18,17,10,18
Ellestadite,17.10.19,17,10,19
Pitiglianoite,17.10.2,17,10,2
Chlorellestadite,17.10.20,17,10,20
Hydroxylellestadite,17.10.21,17,10,21
Fluorellestadite,17.10.22,17,10,22
Mattheddleite,17.10.23,17,10,23
Queitite,17.10.24,17,10,24
Roeblingite,17.10.25,17,10,25
Yoshimuraite,17.10.26,17,10,26
Kegelite,17.10.27,17,10,27
Wenkite,17.10.28,17,10,28
Macquartite,17.10.29,17,10,29
Vishnevite,17.10.3,17,10,3
Welinite,17.10.30,17,10,30
HaÃ¼yne,17.10.4,17,10,4
Liottite,17.10.5,17,10,5
Latiumite,17.10.6,17,10,6
Tuscanite,17.10.7,17,10,7
Microsommite,17.10.8,17,10,8
Delhayelite,17.10.9,17,10,9
Topaz,17.2.1,17,2,1
Magbasite,17.2.10,17,2,10
Polylithionite,17.2.2,17,2,2
Leifite,17.2.3,17,2,3
Meliphanite,17.2.5,17,2,5
Sarcolite,17.2.6,17,2,6
Götzenite,17.2.7,17,2,7
Kuliokite-(Y),17.2.8,17,2,8
Zinnwaldite,17.2.9,17,2,9
Rustumite,17.3.1,17,3,1
Jagoite,17.3.10,17,3,10
Friedelite,17.3.11,17,3,11
Pyrosmalite-(Fe),17.3.12,17,3,12
Pyrosmalite,17.3.13,17,3,13
Pyrosmalite-(Mn),17.3.14,17,3,14
Mcgillite,17.3.16,17,3,16
Traskite,17.3.17,17,3,17
Muirite,17.3.18,17,3,18
Verplanckite,17.3.19,17,3,19
Zunyite,17.3.2,17,3,2
Sodalite,17.3.3,17,3,3
Marialite,17.3.4,17,3,4
Tugtupite,17.3.5,17,3,5
Eudialyte,17.3.6,17,3,6
Alluaivite,17.3.7,17,3,7
Nasonite,17.3.8,17,3,8
Asisite,17.3.9,17,3,9
Tilleyite,17.4.1,17,4,1
Kainosite-(Y),17.4.10,17,4,10
Caysichite-(Y),17.4.11,17,4,11
Lepersonnite-(Gd),17.4.12,17,4,12
Ashburtonite,17.4.13,17,4,13
Surite,17.4.14,17,4,14
Tundrite-(Ce),17.4.15,17,4,15
Tundrite-(Nd),17.4.16,17,4,16
Spurrite,17.4.2,17,4,2
Paraspurrite,17.4.3,17,4,3
Scawtite,17.4.4,17,4,4
Fukalite,17.4.5,17,4,5
Meionite,17.4.6,17,4,6
Cancrinite,17.4.7,17,4,7
Carletonite,17.4.8,17,4,8
Iimoriite-(Y),17.4.9,17,4,9
Manandonite,17.5.1,17,5,1
Datolite,17.5.10,17,5,10
Danburite,17.5.11,17,5,11
Howlite,17.5.12,17,5,12
Bakerite,17.5.13,17,5,13
Oyelite,17.5.14,17,5,14
Kornerupine,17.5.15,17,5,15
Harkerite,17.5.16,17,5,16
Serendibite,17.5.17,17,5,17
Stillwellite-(Ce),17.5.18,17,5,18
Tadzhikite-(Ce),17.5.19,17,5,19
Reedmergnerite,17.5.2,17,5,2
Melanocerite-(Ce),17.5.20,17,5,20
Okanoganite-(Y),17.5.21,17,5,21
Tritomite-(Ce),17.5.22,17,5,22
Tritomite-(Y),17.5.23,17,5,23
Cappelenite-(Y),17.5.24,17,5,24
Dumortierite,17.5.25,17,5,25
Holtite,17.5.26,17,5,26
Dravite,17.5.27,17,5,27
Ferridravite,17.5.28,17,5,28
"Axinite-(Mg)""",17.5.29,17,5,29
Searlesite,17.5.3,17,5,3
Fluor-uvite-Uvite Series,17.5.30,17,5,30
Garrelsite,17.5.31,17,5,31
Tienshanite,17.5.32,17,5,32
Leucosphenite,17.5.33,17,5,33
Taramellite,17.5.34,17,5,34
Titantaramellite,17.5.35,17,5,35
Nagashimalite,17.5.36,17,5,36
Chromium-dravite,17.5.37,17,5,37
Wawayandaite,17.5.38,17,5,38
Werdingite,17.5.39,17,5,39
Olenite,17.5.4,17,5,4
Axinite-(Mn),17.5.40,17,5,40
Axinite,17.5.41,17,5,41
Tinzenite,17.5.42,17,5,42
Schorl,17.5.44,17,5,44
Fluor-buergerite,17.5.45,17,5,45
Feruvite,17.5.46,17,5,46
Axinite-(Fe),17.5.47,17,5,47
Homilite,17.5.48,17,5,48
Grandidierite,17.5.49,17,5,49
Elbaite,17.5.5,17,5,5
Hyalotekite,17.5.50,17,5,50
Hellandite-(Y),17.5.51,17,5,51
Kalborsite,17.5.6,17,5,6
Boromuscovite,17.5.7,17,5,7
Poudretteite,17.5.8,17,5,8
Liddicoatite,17.5.9,17,5,9
Nagelschmidtite,17.6.1,17,6,1
Laplandite-(Ce),17.6.10,17,6,10
Vunonnemite,17.6.11,17,6,11
"Saryarkite-(Y)""",17.6.12,17,6,12
Steenstrupine-(Ce),17.6.13,17,6,13
Waylandite,17.6.14,17,6,14
Britholite-(Ce),17.6.15,17,6,15
Britholite-(Y),17.6.16,17,6,16
Eylettersite,17.6.17,17,6,17
Perhamite,17.6.2,17,6,2
VisÃ©ite,17.6.3,17,6,3
Phosinaite,17.6.4,17,6,4
Clinophosinaite,17.6.5,17,6,5
Karnasurtite-(Ce),17.6.6,17,6,6
Lomonosovite,17.6.7,17,6,7
Bornemanite,17.6.8,17,6,8
Sobolevite,17.6.9,17,6,9
Suzukiite,17.7.1,17,7,1
Mcgovernite,17.7.10,17,7,10
Kraisslite,17.7.11,17,7,11
Schallerite,17.7.12,17,7,12
Nelenite,17.7.13,17,7,13
Kolicite,17.7.14,17,7,14
Yeatmanite,17.7.15,17,7,15
Welshite,17.7.16,17,7,16
Katoptrite,17.7.17,17,7,17
Parwelite,17.7.18,17,7,18
LÃ¥ngbanite,17.7.19,17,7,19
Franciscanite,17.7.2,17,7,2
Chapmanite,17.7.20,17,7,20
Cervandonite-(Ce),17.7.21,17,7,21
Kurumsakite,17.7.3,17,7,3
Ardennite-(As),17.7.4,17,7,4
Medaite,17.7.5,17,7,5
Johninnesite,17.7.6,17,7,6
Tiragalloite,17.7.7,17,7,7
Dixenite,17.7.8,17,7,8
Asbecasite,17.7.9,17,7,9
Epistolite,17.8.1,17,8,1
Wöhlerite,17.8.10,17,8,10
Belkovite,17.8.11,17,8,11
Baotite,17.8.12,17,8,12
Shcherbakovite,17.8.13,17,8,13
IlÃ­maussite-(Ce),17.8.14,17,8,14
Komarovite,17.8.15,17,8,15
Manganbelyankinite,17.8.16,17,8,16
Niobophyllite,17.8.17,17,8,17
Caesium-Kupletskite,17.8.18,17,8,18
Murmanite,17.8.2,17,8,2
Perraultite,17.8.3,17,8,3
Niocalite,17.8.4,17,8,4
Mongolite,17.8.5,17,8,5
Fersmanite,17.8.6,17,8,6
Nacareniobsite-(Ce),17.8.7,17,8,7
Nenadkevichite,17.8.8,17,8,8
Natrokomarovite,17.8.9,17,8,9
Lazurite,17.9.1,17,9,1
Jasmundite,17.9.2,17,9,2
Genthelvite,17.9.3,17,9,3
Helvine,17.9.4,17,9,4
Danalite,17.9.5,17,9,5
Lithiotantite,18.1.1,18,1,1
Rynersonite,18.1.10,18,1,10
Microlite Group,18.1.11,18,1,11
Belyankinite,18.1.12,18,1,12
Latrappite,18.1.13,18,1,13
Hochelagaite,18.1.14,18,1,14
Bariomicrolite (of Hogarth 1977),18.1.15,18,1,15
Parabariomicrolite,18.1.16,18,1,16
Bariopyrochlore (of Hogarth 1977),18.1.17,18,1,17
Alumotantite,18.1.18,18,1,18
Simpsonite,18.1.19,18,1,19
Lueshite,18.1.2,18,1,2
Sosedkoite,18.1.20,18,1,20
Thoreaulite,18.1.21,18,1,21
Stannomicrolite (of Hogarth 1977),18.1.22,18,1,22
Foordite,18.1.23,18,1,23
Changbaiite,18.1.24,18,1,24
Plumbopyrochlore (of Skorobogatova et al.),18.1.25,18,1,25
Plumbomicrolite (of Hogarth 1977),18.1.26,18,1,26
Stibiocolumbite,18.1.27,18,1,27
Stibiotantalite,18.1.28,18,1,28
Natrobistantite,18.1.29,18,1,29
Natroniobite,18.1.3,18,1,3
Cesplumtantite,18.1.30,18,1,30
Stibiomicrolite (of Groat et al.),18.1.31,18,1,31
Cesstibtantite,18.1.32,18,1,32
Bismutotantalite,18.1.34,18,1,34
Bismutomicrolite (of Hogarth 1977),18.1.35,18,1,35
Tantalite-(Mn),18.1.36,18,1,36
Gerasimovskite,18.1.37,18,1,37
Tapiolite-(Mn),18.1.38,18,1,38
Columbite-(Mn),18.1.39,18,1,39
Franconite,18.1.4,18,1,4
Wodginite,18.1.40,18,1,40
Ixiolite-(Mn2+)-Ixiolite-(Fe2+) Series,18.1.41,18,1,41
Columbite-(Fe),18.1.42,18,1,42
Tantalite-(Fe),18.1.43,18,1,43
Columbite,18.1.44,18,1,44
Tantalite,18.1.45,18,1,45
Tapiolite,18.1.46,18,1,46
Tapiolite-(Fe),18.1.47,18,1,47
Columbite-(Mg),18.1.48,18,1,48
Natrotantite,18.1.5,18,1,5
StrÃ¼verite,18.1.50,18,1,50
Staringite,18.1.51,18,1,51
"Irtyshite""",18.1.6,18,1,6
Rankamaite,18.1.7,18,1,7
Hydropyrochlore,18.1.8,18,1,8
Calciotantite,18.1.9,18,1,9
Fergusonite-(Y),18.2.1,18,2,1
Strontiopyrochlore (of Hogarth 1977),18.2.10,18,2,10
Loparite-(Ce),18.2.11,18,2,11
Fersmite,18.2.12,18,2,12
Aeschynite-(Ce),18.2.13,18,2,13
Aeschynite-(Nd),18.2.14,18,2,14
Aeschynite-(Y),18.2.15,18,2,15
Nioboaeschynite-(Ce),18.2.16,18,2,16
Nioboaeschynite-(Nd),18.2.17,18,2,17
Tantalaeschynite-(Y),18.2.18,18,2,18
Vigezzite,18.2.19,18,2,19
Clinofergusonite-(Y),18.2.2,18,2,2
Murataite-(Y),18.2.20,18,2,20
Fergusonite-(Ce),18.2.3,18,2,3
Clinofergusonite-(Ce),18.2.4,18,2,4
Fergusonite-(Nd),18.2.5,18,2,5
Clinofergusonite-(Nd),18.2.6,18,2,6
Formanite-(Y),18.2.7,18,2,7
Pyrochlore Group,18.2.8,18,2,8
Ceriopyrochlore (of Hogarth 1977),18.2.9,18,2,9
Liandratite,18.3.1,18,3,1
Uranmicrolite (of Hogarth 1977),18.3.2,18,3,2
Betafite (of Hogarth 1977),18.3.3,18,3,3
Plumbobetafite (of Hogarth 1977),18.3.4,18,3,4
Petscheckite,18.3.5,18,3,5
Hydroxy-petscheckite,18.3.6,18,3,6
Oxy-petscheckite,18.3.7,18,3,7
Ashanite,18.3.8,18,3,8
Uranpyrochlore (of Hogarth 1977),18.4.1,18,4,1
Calciobetafite (of Mazzi & Munno),18.4.10,18,4,10
Yttrobetafite (of Hogarth 1977),18.4.11,18,4,11
Samarskite-(Y),18.4.12,18,4,12
Yttrocolumbite-(Y),18.4.2,18,4,2
Yttrotantalite-(Y),18.4.3,18,4,3
Ishikawaite,18.4.4,18,4,4
Euxenite-(Y),18.4.5,18,4,5
Tanteuxenite-(Y),18.4.6,18,4,6
Kobeite-(Y),18.4.7,18,4,7
Polycrase-(Y),18.4.8,18,4,8
Yttropyrochlore (of Hogarth 1977),18.4.9,18,4,9
Lithiophosphate,19.1.1,19,1,1
Lithiophilite,19.1.10,19,1,10
Sicklerite,19.1.11,19,1,11
Ferrisicklerite,19.1.12,19,1,12
Triphylite,19.1.13,19,1,13
Tavorite,19.1.14,19,1,14
MariÄ‡ite,19.1.15,19,1,15
Olympite,19.1.2,19,1,2
Nahpoite,19.1.3,19,1,3
Dorfmanite,19.1.4,19,1,4
Nalipoite,19.1.5,19,1,5
Stercorite,19.1.6,19,1,6
Archerite,19.1.7,19,1,7
Biphosphammite,19.1.8,19,1,8
Phosphammite,19.1.9,19,1,9
Oxypyromorphite,19.10.1,19,10,1
Sincosite,19.10.10,19,10,10
Ximengite,19.10.11,19,10,11
Paulkellerite,19.10.12,19,10,12
Plumbogummite,19.10.2,19,10,2
Kamitugaite,19.10.3,19,10,3
Drugmanite,19.10.5,19,10,5
Brabantite,19.10.6,19,10,6
Grayite,19.10.8,19,10,8
Brockite,19.10.9,19,10,9
Lermontovite,19.11.1,19,11,1
Torbernite,19.11.10,19,11,10
Metatorbernite,19.11.11,19,11,11
SalÃ©eite,19.11.12,19,11,12
Ningyoite,19.11.13,19,11,13
Meta-autunite,19.11.14,19,11,14
Autunite,19.11.15,19,11,15
Pseudo-autunite,19.11.16,19,11,16
Phurcalite,19.11.17,19,11,17
Phosphuranylite,19.11.18,19,11,18
Ulrichite,19.11.19,19,11,19
Metavanmeersscheite,19.11.2,19,11,2
Bergenite,19.11.20,19,11,20
Metauranocircite,19.11.21,19,11,21
Uranocircite,19.11.22,19,11,22
Ranunculite,19.11.23,19,11,23
Triangulite,19.11.24,19,11,24
Mundite,19.11.25,19,11,25
Upalite,19.11.26,19,11,26
Furongite,19.11.27,19,11,27
Threadgoldite,19.11.28,19,11,28
Phuralumite,19.11.29,19,11,29
Vanmeersscheite,19.11.3,19,11,3
Moreauite,19.11.30,19,11,30
Sabugalite,19.11.31,19,11,31
Uranospathite,19.11.32,19,11,32
Althupite,19.11.33,19,11,33
FranÃ§oisite-(Nd),19.11.34,19,11,34
Kivuite,19.11.35,19,11,35
Parsonsite,19.11.36,19,11,36
Dewindtite,19.11.37,19,11,37
Dumontite,19.11.38,19,11,38
Przhevalskite,19.11.39,19,11,39
Chernikovite,19.11.4,19,11,4
Lehnerite,19.11.40,19,11,40
Bassetite,19.11.41,19,11,41
Vochtenite,19.11.42,19,11,42
Vyacheslavite,19.11.5,19,11,5
Metanatroautunite,19.11.6,19,11,6
Yingjiangite,19.11.7,19,11,7
Meta-ankoleite,19.11.8,19,11,8
Uramphite,19.11.9,19,11,9
Metaswitzerite,19.12.1,19,12,1
Heterosite,19.12.10,19,12,10
Purpurite,19.12.11,19,12,11
Wolfeite,19.12.12,19,12,12
Triploidite,19.12.13,19,12,13
Lipscombite,19.12.14,19,12,14
Frondelite,19.12.15,19,12,15
Rockbridgeite,19.12.16,19,12,16
Kryzhanovskite,19.12.17,19,12,17
Landesite,19.12.18,19,12,18
Phosphoferrite,19.12.19,19,12,19
Bermanite,19.12.2,19,12,2
Reddingite,19.12.20,19,12,20
Earlshannonite,19.12.21,19,12,21
Hureaulite,19.12.22,19,12,22
Switzerite,19.12.23,19,12,23
Laueite,19.12.24,19,12,24
Pseudolaueite,19.12.25,19,12,25
Strunzite,19.12.26,19,12,26
Stewartite,19.12.27,19,12,27
Alluaudite,19.12.28,19,12,28
Ferroalluaudite,19.12.29,19,12,29
Natrophilite,19.12.3,19,12,3
Fillowite,19.12.30,19,12,30
Johnsomervilleite,19.12.31,19,12,31
Wicksite,19.12.32,19,12,32
Dickinsonite-(KMnNa),19.12.33,19,12,33
Sarcopside,19.12.34,19,12,34
Ludlamite,19.12.35,19,12,35
Graftonite,19.12.36,19,12,36
Wilhelmvierlingite,19.12.37,19,12,37
Fairfieldite,19.12.38,19,12,38
Beusite,19.12.39,19,12,39
Sidorenkite,19.12.4,19,12,4
Messelite,19.12.40,19,12,40
Jahnsite-(CaMnFe),19.12.41,19,12,41
Jahnsite-(CaMnMn),19.12.42,19,12,42
Jahnsite-(CaMnMg),19.12.43,19,12,43
Keckite,19.12.44,19,12,44
Stanfieldite,19.12.45,19,12,45
Laubmannite,19.12.46,19,12,46
Zodacite,19.12.47,19,12,47
Hagendorfite,19.12.48,19,12,48
Maghagendorfite,19.12.49,19,12,49
Niahite,19.12.5,19,12,5
Varulite,19.12.50,19,12,50
Griphite,19.12.51,19,12,51
Attakolite,19.12.52,19,12,52
Arrojadite-(KFe),19.12.53,19,12,53
Lun'okite,19.12.54,19,12,54
Eosphorite,19.12.55,19,12,55
Ernstite,19.12.56,19,12,56
Childrenite,19.12.57,19,12,57
Bobfergusonite,19.12.58,19,12,58
Qingheiite,19.12.59,19,12,59
Robertsite,19.12.6,19,12,6
Whiteite-(CaFeMg),19.12.60,19,12,60
Whiteite-(CaMnMg),19.12.61,19,12,61
Whiteite-(MnFeMg),19.12.62,19,12,62
Rittmannite,19.12.63,19,12,63
Zanazziite,19.12.64,19,12,64
Samuelsonite,19.12.65,19,12,65
Pararobertsite,19.12.7,19,12,7
Sinkankasite,19.12.8,19,12,8
Mangangordonite,19.12.9,19,12,9
Barbosalite,19.13.1,19,13,1
Beraunite,19.13.10,19,13,10
Vivianite,19.13.11,19,13,11
Metavivianite,19.13.12,19,13,12
Strengite,19.13.2,19,13,2
Phosphosiderite,19.13.3,19,13,3
DufrÃ©nite,19.13.4,19,13,4
Giniite,19.13.5,19,13,5
Whitmoreite,19.13.6,19,13,6
Tinticite,19.13.7,19,13,7
Ferristrunzite,19.13.8,19,13,8
Ferrostrunzite,19.13.9,19,13,9
Cyrilovite,19.14.1,19,14,1
Satterlyite,19.14.10,19,14,10
Ushkovite,19.14.11,19,14,11
Garyansellite,19.14.12,19,14,12
Thadeuite,19.14.13,19,14,13
Anapaite,19.14.14,19,14,14
Xanthoxenite,19.14.15,19,14,15
Calcioferrite,19.14.16,19,14,16
Mitridatite,19.14.17,19,14,17
MÃ©lonjosephite,19.14.18,19,14,18
Delvauxite,19.14.19,19,14,19
Kidwellite,19.14.2,19,14,2
Collinsite,19.14.20,19,14,20
Segelerite,19.14.21,19,14,21
Kingsmountite,19.14.22,19,14,22
Vauxite,19.14.23,19,14,23
Metavauxite,19.14.24,19,14,24
Paravauxite,19.14.25,19,14,25
Sigloite,19.14.26,19,14,26
Cacoxenite,19.14.27,19,14,27
Koninckite,19.14.28,19,14,28
Lazulite,19.14.29,19,14,29
Rosemaryite,19.14.3,19,14,3
Scorzalite,19.14.30,19,14,30
Souzalite,19.14.31,19,14,31
Gormanite,19.14.32,19,14,32
ZaÃ¯rite,19.14.33,19,14,33
Wyllieite,19.14.4,19,14,4
Ferrowyllieite,19.14.5,19,14,5
NatrodufrÃ©nite,19.14.6,19,14,6
Leucophosphite,19.14.7,19,14,7
Spheniscidite,19.14.8,19,14,8
Burangaite,19.14.9,19,14,9
Arupite,19.15.1,19,15,1
Cassidyite,19.15.2,19,15,2
Libethenite,19.2.1,19,2,1
Planerite,19.2.10,19,2,10
Hentschelite,19.2.11,19,2,11
Chalcosiderite,19.2.13,19,2,13
Phosphofibrite,19.2.14,19,2,14
Cornetite,19.2.2,19,2,2
Reichenbachite,19.2.3,19,2,3
Ludjibaite,19.2.4,19,2,4
Pseudomalachite,19.2.5,19,2,5
Nissonite,19.2.6,19,2,6
Zapatalite,19.2.7,19,2,7
Turquoise,19.2.8,19,2,8
Sieleckiite,19.2.9,19,2,9
Moraesite,19.3.1,19,3,1
Tiptopite,19.3.10,19,3,10
Gainesite,19.3.11,19,3,11
Roscherite,19.3.12,19,3,12
Faheyite,19.3.13,19,3,13
Farringtonite,19.3.14,19,3,14
Holtedahlite,19.3.15,19,3,15
Althausite,19.3.16,19,3,16
Newberyite,19.3.17,19,3,17
Phosphorrösslerite,19.3.18,19,3,18
Bobierrite,19.3.19,19,3,19
Beryllonite,19.3.2,19,3,2
BariÄ‡ite,19.3.20,19,3,20
Panethite,19.3.21,19,3,21
Dittmarite,19.3.22,19,3,22
Struvite,19.3.23,19,3,23
Hannayite,19.3.24,19,3,24
Hurlbutite,19.3.3,19,3,3
Hydroxylherderite,19.3.4,19,3,4
Glucine,19.3.5,19,3,5
Fransoletite,19.3.6,19,3,6
Uralolite,19.3.7,19,3,7
Pahasapaite,19.3.9,19,3,9
Monetite,19.4.1,19,4,1
Petersite-(Y),19.4.10,19,4,10
Hydroxylapatite,19.4.2,19,4,2
Brushite,19.4.3,19,4,3
Isoclasite,19.4.4,19,4,4
Buchwaldite,19.4.5,19,4,5
Canaphite,19.4.6,19,4,6
Mundrabillaite,19.4.7,19,4,7
Whitlockite,19.4.8,19,4,8
Brianite,19.4.9,19,4,9
Strontiowhitlockite,19.5.1,19,5,1
Gorceixite,19.5.10,19,5,10
Penikisite,19.5.11,19,5,11
Curetonite,19.5.12,19,5,12
Bjarebyite,19.5.13,19,5,13
Kulanite,19.5.14,19,5,14
Perloffite,19.5.15,19,5,15
Belovite-(Ce),19.5.2,19,5,2
Goyazite,19.5.3,19,5,3
Goedkenite,19.5.4,19,5,4
Palermoite,19.5.5,19,5,5
Nabaphite,19.5.6,19,5,6
Olgite,19.5.7,19,5,7
Nastrophite,19.5.8,19,5,8
Jagowerite,19.5.9,19,5,9
Tarbuttite,19.6.1,19,6,1
Faustite,19.6.10,19,6,10
Aheylite,19.6.11,19,6,11
Jungite,19.6.12,19,6,12
Schoonerite,19.6.13,19,6,13
Phosphophyllite,19.6.14,19,6,14
Spencerite,19.6.2,19,6,2
Hopeite,19.6.3,19,6,3
Parahopeite,19.6.4,19,6,4
Veszelyite,19.6.5,19,6,5
Kipushite,19.6.6,19,6,6
Scholzite,19.6.7,19,6,7
Parascholzite,19.6.8,19,6,8
Ehrleite,19.6.9,19,6,9
Berlinite,19.7.1,19,7,1
Vantasselite,19.7.10,19,7,10
Kingite,19.7.11,19,7,11
Vashegyite,19.7.12,19,7,12
Augelite,19.7.2,19,7,2
Trolleite,19.7.3,19,7,3
Senegalite,19.7.4,19,7,4
Variscite,19.7.5,19,7,5
Metavariscite,19.7.6,19,7,6
Bolivarite,19.7.7,19,7,7
Wavellite,19.7.8,19,7,8
Evansite,19.7.9,19,7,9
Montebrasite,19.8.1,19,8,1
Aldermanite,19.8.10,19,8,10
Overite,19.8.11,19,8,11
Montgomeryite,19.8.12,19,8,12
Foggite,19.8.14,19,8,14
Gatumbaite,19.8.15,19,8,15
Crandallite,19.8.16,19,8,16
Matulaite,19.8.17,19,8,17
Lehiite,19.8.19,19,8,19
Brazilianite,19.8.2,19,8,2
Millisite,19.8.20,19,8,20
Englishite,19.8.21,19,8,21
Kleemanite,19.8.22,19,8,22
Mantienneite,19.8.23,19,8,23
Paulkerrite,19.8.24,19,8,24
Wardite,19.8.3,19,8,3
Tancoite,19.8.4,19,8,4
Bertossaite,19.8.5,19,8,5
Tinsleyite,19.8.6,19,8,6
Taranakite,19.8.7,19,8,7
Francoanellite,19.8.8,19,8,8
Gordonite,19.8.9,19,8,9
Xenotime-(Y),19.9.1,19,9,1
Florencite-(Ce),19.9.10,19,9,10
Florencite-(La),19.9.11,19,9,11
Florencite-(Nd),19.9.12,19,9,12
Kolbeckite,19.9.13,19,9,13
Churchite-(Y),19.9.2,19,9,2
Monazite-(Ce),19.9.3,19,9,3
Monazite-(La),19.9.4,19,9,4
Monazite-(Nd),19.9.5,19,9,5
Rhabdophane-(Ce),19.9.6,19,9,6
Rhabdophane-(La),19.9.7,19,9,7
Rhabdophane-(Nd),19.9.8,19,9,8
Vitusite-(Ce),19.9.9,19,9,9
Moissanite,2.1,2,,1
Haxonite,2.1,2,,10
Cohenite,2.11,2,,11
Roaldite,2.12,2,,12
Suessite,2.13,2,,13
Schreibersite,2.14,2,,14
Barringerite,2.15,2,,15
Perryite,2.16,2,,16
Sinoite,2.2,2,,2
Osbornite,2.3,2,,3
Tongbaite,2.4,2,,4
Carlsbergite,2.5,2,,5
Siderazot,2.6,2,,6
Gupeiite,2.7,2,,7
Xifengite,2.8,2,,8
Khamrabaevite,2.9,2,,9
Lammerite,20.1.1,20,1,1
Arhbarite,20.1.10,20,1,10
Lindackerite,20.1.11,20,1,11
Conichalcite,20.1.12,20,1,12
Liroconite,20.1.13,20,1,13
Ceruleite,20.1.14,20,1,14
Chenevixite,20.1.15,20,1,15
Arthurite,20.1.16,20,1,16
Olivenite,20.1.2,20,1,2
Clinoclase,20.1.3,20,1,3
Cornwallite,20.1.4,20,1,4
Cornubite,20.1.5,20,1,5
Chlorotile (of Frenzel),20.1.6,20,1,6
Geminite,20.1.7,20,1,7
Euchroite,20.1.8,20,1,8
Strashimirite,20.1.9,20,1,9
Erythrite,20.10.1,20,10,1
Smolyaninovite,20.10.10,20,10,10
Nickelaustinite,20.10.11,20,10,11
Cobaltaustinite,20.10.2,20,10,2
Roselite,20.10.3,20,10,3
Anorthoroselite,20.10.4,20,10,4
Wendwilsonite,20.10.5,20,10,5
Cobaltkoritnigite,20.10.6,20,10,6
Aerugite,20.10.7,20,10,7
Xanthiosite,20.10.8,20,10,8
Annabergite,20.10.9,20,10,9
Bearsite,20.2.1,20,2,1
Vladimirite,20.2.10,20,2,10
GuÃ©rinite,20.2.11,20,2,11
Ferrarisite,20.2.12,20,2,12
Rauenthalite,20.2.13,20,2,13
Phaunouxite,20.2.14,20,2,14
Mcnearite,20.2.15,20,2,15
Bergslagite,20.2.16,20,2,16
Adelite,20.2.17,20,2,17
Talmessite,20.2.18,20,2,18
Irhtemite,20.2.19,20,2,19
Brassite,20.2.2,20,2,2
Camgasite,20.2.20,20,2,20
Picropharmacolite,20.2.21,20,2,21
Bariopharmacosiderite,20.2.22,20,2,22
Rösslerite,20.2.3,20,2,3
Hörnesite,20.2.4,20,2,4
Weilite,20.2.5,20,2,5
Johnbaumite,20.2.6,20,2,6
Haidingerite,20.2.7,20,2,7
Pharmacolite,20.2.8,20,2,8
Sainfeldite,20.2.9,20,2,9
Adamite,20.3.1,20,3,1
Prosperite,20.3.10,20,3,10
Gaitite,20.3.11,20,3,11
Zincroselite,20.3.12,20,3,12
O'Danielite,20.3.13,20,3,13
Johillerite,20.3.14,20,3,14
Holdenite,20.3.15,20,3,15
Chudobaite,20.3.16,20,3,16
Chlorophoenicite,20.3.17,20,3,17
Lotharmeyerite,20.3.18,20,3,18
Metaköttigite,20.3.19,20,3,19
Paradamite,20.3.2,20,3,2
Ojuelaite,20.3.20,20,3,20
Fahleite,20.3.21,20,3,21
Keyite,20.3.22,20,3,22
Koritnigite,20.3.3,20,3,3
Legrandite,20.3.4,20,3,4
Warikahnite,20.3.5,20,3,5
Köttigite,20.3.6,20,3,6
Stranskiite,20.3.7,20,3,7
Philipsburgite,20.3.8,20,3,8
Austinite,20.3.9,20,3,9
Mansfieldite,20.4.1,20,4,1
Gerdtremmelite,20.4.10,20,4,10
Gasparite-(Ce),20.4.11,20,4,11
Chernovite-(Y),20.4.12,20,4,12
Agardite-(Y),20.4.13,20,4,13
Agardite-(La),20.4.14,20,4,14
Goudeyite,20.4.15,20,4,15
Retzian-(Ce),20.4.16,20,4,16
Retzian-(La),20.4.17,20,4,17
Retzian-(Nd),20.4.18,20,4,18
Bulachite,20.4.2,20,4,2
Pharmacoalumite,20.4.3,20,4,3
Luetheite,20.4.4,20,4,4
Arsenogoyazite,20.4.5,20,4,5
Arsenocrandallite,20.4.6,20,4,6
Arsenoflorencite-(Ce),20.4.7,20,4,7
Arsenoflorencite-(La),20.4.8,20,4,8
Arsenoflorencite-(Nd),20.4.9,20,4,9
Cafarsite,20.5.1,20,5,1
Ludlockite,20.5.10,20,5,10
Gabrielsonite,20.5.11,20,5,11
Carminite,20.5.12,20,5,12
Segnitite,20.5.13,20,5,13
Tsumcorite,20.5.14,20,5,14
Jamesite,20.5.15,20,5,15
Mawbyite,20.5.16,20,5,16
Arsenbrackenbuschite,20.5.17,20,5,17
Schultenite,20.5.2,20,5,2
Duftite,20.5.3,20,5,3
Bayldonite,20.5.4,20,5,4
Philipsbornite,20.5.5,20,5,5
Arsendescloizite,20.5.6,20,5,6
Helmutwinklerite,20.5.7,20,5,7
Thometzekite,20.5.8,20,5,8
Caryinite,20.5.9,20,5,9
Rooseveltite,20.6.1,20,6,1
Preisingerite,20.6.2,20,6,2
Arsenobismite,20.6.3,20,6,3
Atelestite,20.6.4,20,6,4
Mixite,20.6.5,20,6,5
Walpurgite,20.6.6,20,6,6
Trögerite,20.7.1,20,7,1
Uranospinite,20.7.10,20,7,10
Metaheinrichite,20.7.11,20,7,11
Heinrichite,20.7.12,20,7,12
Metalodèvite,20.7.13,20,7,13
Arsenuranospathite,20.7.14,20,7,14
Hallimondite,20.7.15,20,7,15
HÃ¼gelite,20.7.16,20,7,16
Asselbornite,20.7.17,20,7,17
Metakahlerite,20.7.18,20,7,18
Kahlerite,20.7.19,20,7,19
Natrouranospinite,20.7.2,20,7,2
Metakirchheimerite,20.7.20,20,7,20
Abernathyite,20.7.3,20,7,3
Metazeunerite,20.7.4,20,7,4
Zeunerite,20.7.5,20,7,5
MetanovÃ¡Äekite,20.7.6,20,7,6
HydronovÃ¡Äekite,20.7.7,20,7,7
Arsenuranylite,20.7.8,20,7,8
Metauranospinite,20.7.9,20,7,9
Sarkinite,20.8.1,20,8,1
Geigerite,20.8.10,20,8,10
Akrochordite,20.8.11,20,8,11
Manganohörnesite,20.8.12,20,8,12
Fluckite,20.8.13,20,8,13
Brandtite,20.8.14,20,8,14
Parabrandtite,20.8.15,20,8,15
Wallkilldellite,20.8.16,20,8,16
Berzeliite,20.8.17,20,8,17
Manganberzeliite,20.8.18,20,8,18
Magnesiochlorophoenicite,20.8.19,20,8,19
Eveite,20.8.2,20,8,2
Villyaellenite,20.8.20,20,8,20
Hematolite,20.8.21,20,8,21
Grischunite,20.8.22,20,8,22
Arsenoclasite,20.8.3,20,8,3
Flinkite,20.8.4,20,8,4
Jarosewichite,20.8.5,20,8,5
Allactite,20.8.6,20,8,6
Krautite,20.8.7,20,8,7
Synadelphite,20.8.8,20,8,8
Sterlinghillite,20.8.9,20,8,9
Angelellite,20.9.1,20,9,1
Kolfanite,20.9.10,20,9,10
Arseniosiderite,20.9.11,20,9,11
Yukonite,20.9.12,20,9,12
Dussertite,20.9.13,20,9,13
Liskeardite,20.9.14,20,9,14
Mapimite,20.9.15,20,9,15
Ogdensburgite,20.9.16,20,9,16
Walentaite,20.9.17,20,9,17
Scorodite,20.9.2,20,9,2
KaÅˆkite,20.9.3,20,9,3
Ferrisymplesite,20.9.4,20,9,4
Kaatialaite,20.9.5,20,9,5
Symplesite,20.9.6,20,9,6
Parasymplesite,20.9.7,20,9,7
Natropharmacosiderite,20.9.8,20,9,8
Pharmacosiderite,20.9.9,20,9,9
Metamunirite,21.1.1,21,1,1
Mcbirneyite,21.1.10,21,1,10
Fingerite,21.1.11,21,1,11
Volborthite,21.1.12,21,1,12
Tangeite,21.1.13,21,1,13
VÃ©signiÃ©ite,21.1.14,21,1,14
Lyonsite,21.1.15,21,1,15
Munirite,21.1.2,21,1,2
Barnesite,21.1.3,21,1,3
Bannermanite,21.1.4,21,1,4
Howardevansite,21.1.5,21,1,5
Huemulite,21.1.6,21,1,6
Blossite,21.1.7,21,1,7
Ziesite,21.1.8,21,1,8
Stoiberite,21.1.9,21,1,9
Metarossite,21.2.1,21,2,1
Melanovanadite,21.2.10,21,2,10
Grantsite,21.2.11,21,2,11
Hummerite,21.2.12,21,2,12
Metadelrioite,21.2.13,21,2,13
Delrioite,21.2.14,21,2,14
Straczekite,21.2.15,21,2,15
Gamagarite,21.2.16,21,2,16
Rossite,21.2.2,21,2,2
Metahewettite,21.2.3,21,2,3
Hewettite,21.2.4,21,2,4
Pintadoite,21.2.5,21,2,5
Hendersonite,21.2.6,21,2,6
Fernandinite,21.2.7,21,2,7
Pascoite,21.2.8,21,2,8
Sherwoodite,21.2.9,21,2,9
Steigerite,21.3.1,21,3,1
Mottramite,21.3.10,21,3,10
Descloizite,21.3.11,21,3,11
Dreyerite,21.3.12,21,3,12
Pucherite,21.3.13,21,3,13
Clinobisvanite,21.3.14,21,3,14
Schumacherite,21.3.15,21,3,15
Namibite,21.3.16,21,3,16
Pottsite,21.3.17,21,3,17
Duhamelite,21.3.18,21,3,18
Alvanite,21.3.2,21,3,2
Metaschoderite,21.3.3,21,3,3
Schoderite,21.3.4,21,3,4
Satpaevite,21.3.5,21,3,5
Vanalite,21.3.6,21,3,6
Wakefieldite-(Y),21.3.7,21,3,7
Wakefieldite-(Ce),21.3.8,21,3,8
Chervetite,21.3.9,21,3,9
Uvanite,21.4.1,21,4,1
Francevillite,21.4.10,21,4,10
Metavanuralite,21.4.11,21,4,11
Vanuralite,21.4.12,21,4,12
Curienite,21.4.13,21,4,13
Fritzscheite,21.4.14,21,4,14
Palenzonaite,21.4.15,21,4,15
Santafeite,21.4.16,21,4,16
Pyrobelonite,21.4.17,21,4,17
Brackebuschite,21.4.18,21,4,18
ÄŒechite,21.4.19,21,4,19
Vanuranylite,21.4.2,21,4,2
Heyite,21.4.20,21,4,20
Mounanaite,21.4.21,21,4,21
Schubnelite,21.4.22,21,4,22
Fervanite,21.4.23,21,4,23
Kazakhstanite,21.4.24,21,4,24
Bokite,21.4.25,21,4,25
Rusakovite,21.4.26,21,4,26
Kolovratite,21.4.27,21,4,27
Strelkinite,21.4.3,21,4,3
Carnotite,21.4.4,21,4,4
Margaritasite,21.4.5,21,4,5
Sengierite,21.4.6,21,4,6
Metatyuyamunite,21.4.7,21,4,7
Tyuyamunite,21.4.8,21,4,8
Rauvite,21.4.9,21,4,9
Amblygonite,22.1.1,22,1,1
Herderite,22.1.10,22,1,10
Isokite,22.1.11,22,1,11
Panasqueiraite,22.1.12,22,1,12
Babefphite,22.1.13,22,1,13
Fluellite,22.1.14,22,1,14
Minyulite,22.1.15,22,1,15
Morinite,22.1.16,22,1,16
BÃ¸ggildite,22.1.17,22,1,17
Fluorstrophite,22.1.18,22,1,18
Viitaniemiite,22.1.19,22,1,19
Lacroixite,22.1.2,22,1,2
Väyrynenite,22.1.20,22,1,20
Maxwellite,22.1.21,22,1,21
Wagnerite,22.1.22,22,1,22
Triplite,22.1.23,22,1,23
Magniotriplite,22.1.24,22,1,24
Zwieselite,22.1.25,22,1,25
Mcauslanite,22.1.26,22,1,26
Richellite,22.1.27,22,1,27
Svabite,22.1.28,22,1,28
Tilasite,22.1.29,22,1,29
Natrophosphate,22.1.3,22,1,3
Johnbaumite-M,22.1.30,22,1,30
Durangite,22.1.31,22,1,31
Nacaphite,22.1.5,22,1,5
Arctite,22.1.6,22,1,6
Nefedovite,22.1.7,22,1,7
Fluorapatite,22.1.9,22,1,9
Sampleite,22.2.1,22,2,1
Mimetite,22.2.10,22,2,10
Mimetite-M,22.2.11,22,2,11
Sahlinite,22.2.12,22,2,12
Georgiadesite,22.2.13,22,2,13
Vanadinite,22.2.14,22,2,14
Kombatite,22.2.15,22,2,15
Leningradite,22.2.16,22,2,16
Hedyphane,22.2.17,22,2,17
Nealite,22.2.18,22,2,18
Lavendulan,22.2.2,22,2,2
Chlorapatite,22.2.3,22,2,3
Turneaureite,22.2.4,22,2,4
Shubnikovite,22.2.5,22,2,5
Richelsdorfite,22.2.6,22,2,6
Alforsite,22.2.7,22,2,7
Morelandite,22.2.8,22,2,8
Pyromorphite,22.2.9,22,2,9
Parnauite,22.3.1,22,3,1
Kemmlitzite,22.3.10,22,3,10
Sanjuanite,22.3.11,22,3,11
Kribergite,22.3.12,22,3,12
Hotsonite,22.3.13,22,3,13
Weilerite,22.3.14,22,3,14
Tsumebite,22.3.15,22,3,15
Arsentsumebite,22.3.16,22,3,16
Hinsdalite,22.3.17,22,3,17
Hidalgoite,22.3.18,22,3,18
Orpheite,22.3.19,22,3,19
Ardealite,22.3.2,22,3,2
Coconinoite,22.3.20,22,3,20
Sasaite,22.3.21,22,3,21
Tristramite,22.3.22,22,3,22
Corkite,22.3.23,22,3,23
Beudantite,22.3.24,22,3,24
Diadochite,22.3.25,22,3,25
Sarmientite,22.3.26,22,3,26
BukovskÃ½ite,22.3.27,22,3,27
ZÃ½kaite,22.3.28,22,3,28
Tooeleite,22.3.29,22,3,29
Machatschkiite,22.3.3,22,3,3
Pitticite,22.3.30,22,3,30
Xiangjiangite,22.3.31,22,3,31
Clinotyrolite,22.3.4,22,3,4
Peisleyite,22.3.5,22,3,5
Chalcophyllite,22.3.6,22,3,6
Woodhouseite,22.3.7,22,3,7
Schlossmacherite,22.3.8,22,3,8
Svanbergite,22.3.9,22,3,9
Bradleyite,22.4.1,22,4,1
Voggite,22.4.10,22,4,10
Bonshtedtite,22.4.11,22,4,11
Kovdorskite,22.4.2,22,4,2
Carbonate-rich Hydroxylapatite,22.4.3,22,4,3
Carbonate-rich Fluorapatite,22.4.4,22,4,4
Tyrolite,22.4.5,22,4,5
Heneuite,22.4.6,22,4,6
Girvasite,22.4.7,22,4,7
Daqingshanite-(Ce),22.4.8,22,4,8
Gartrellite,22.4.9,22,4,9
Vauquelinite,22.5.1,22,5,1
Obradovicite-KCu,22.5.10,22,5,10
Melkovite,22.5.11,22,5,11
Rankachite,22.5.12,22,5,12
Olmsteadite,22.5.13,22,5,13
Johnwalkite,22.5.14,22,5,14
Embreyite,22.5.2,22,5,2
Cassedanneite,22.5.3,22,5,3
Fornacite,22.5.4,22,5,4
Molybdofornacite,22.5.5,22,5,5
Mendozavilite-NaFe,22.5.6,22,5,6
Paramendozavilite,22.5.7,22,5,7
Betpakdalite-CaCa,22.5.8,22,5,8
Betpakdalite-NaCa,22.5.9,22,5,9
Gebhardite,23.1,23,10,
Zimbabweite,23.11,23,11,
Rouseite,23.13,23,13,
Freedite,23.14,23,14,
Manganarsite,23.15,23,15,
Armangite,23.17,23,17,
Karibibite,23.18,23,18,
Schneiderhöhnite,23.19,23,19,
Nanlingite,23.2,23,2,
Lazarenkoite,23.2,23,20,
Stenhuggarite,23.21,23,21,
Tomichite,23.22,23,22,
Leiteite,23.3,23,3,
Kuznetsovite,23.5,23,5,
Paulmooreite,23.6,23,6,
Ecdemite,23.7,23,7,
Finnemanite,23.9,23,9,
Mopungite,24.1.1,24,1,1
Cetineite,24.1.2,24,1,2
CuproromÃ©ite,24.1.3,24,1,3
Cualstibite,24.1.4,24,1,4
Stetefeldtite,24.1.5,24,1,5
Swedenborgite,24.2.1,24,2,1
Byströmite,24.2.2,24,2,2
RomÃ©ite Group,24.2.3,24,2,3
OrdoÃ±ezite,24.2.4,24,2,4
Theisite,24.2.5,24,2,5
Shakhovite,24.2.6,24,2,6
Derbylite,24.3.2,24,3,2
Hemloite,24.3.3,24,3,3
Nadorite,24.3.4,24,3,4
Bindheimite,24.3.5,24,3,5
Monimolite,24.3.6,24,3,6
Thorikosite,24.3.7,24,3,7
Ingersonite,24.4.1,24,4,1
Manganostibite,24.4.2,24,4,2
Tripuhyite,24.4.3,24,4,3
Schafarzikite,24.4.5,24,4,5
ThÃ©nardite,25.1.1,25,1,1
Ammonioalunite,25.1.10,25,1,10
Matteuccite,25.1.2,25,1,2
Mirabilite,25.1.3,25,1,3
Arcanite,25.1.4,25,1,4
Mercallite,25.1.5,25,1,5
Misenite,25.1.6,25,1,6
Aphthitalite,25.1.7,25,1,7
Mascagnite,25.1.8,25,1,8
Letovicite,25.1.9,25,1,9
Szomolnokite,25.10.1,25,10,1
Paracoquimbite,25.10.10,25,10,10
Quenstedtite,25.10.11,25,10,11
Ferricopiapite,25.10.12,25,10,12
Metahohmannite,25.10.13,25,10,13
Hohmannite,25.10.14,25,10,14
Butlerite,25.10.15,25,10,15
Parabutlerite,25.10.16,25,10,16
Amarantite,25.10.17,25,10,17
Fibroferrite,25.10.18,25,10,18
Hydroniumjarosite,25.10.19,25,10,19
Rozenite,25.10.2,25,10,2
Römerite,25.10.20,25,10,20
BÃ­linite,25.10.21,25,10,21
Copiapite,25.10.22,25,10,22
Siderotil,25.10.3,25,10,3
Ferrohexahydrite,25.10.4,25,10,4
Melanterite,25.10.5,25,10,5
Rhomboclase,25.10.6,25,10,6
Lausenite,25.10.7,25,10,7
Kornelite,25.10.8,25,10,8
Coquimbite,25.10.9,25,10,9
Natrojarosite,25.11.1,25,11,1
Voltaite,25.11.10,25,11,10
Ungemachite,25.11.11,25,11,11
Metavoltine,25.11.12,25,11,12
Sabieite,25.11.13,25,11,13
Ammoniojarosite,25.11.14,25,11,14
Clairite,25.11.15,25,11,15
Mohrite,25.11.16,25,11,16
Lonecreekite,25.11.17,25,11,17
Godovikovite,25.11.18,25,11,18
Botryogen,25.11.19,25,11,19
Sideronatrite,25.11.2,25,11,2
SlavÃ­kite,25.11.21,25,11,21
Sturmanite,25.11.23,25,11,23
Millosevichite,25.11.24,25,11,24
Aluminocopiapite,25.11.25,25,11,25
Halotrichite,25.11.26,25,11,26
Idrizite,25.11.27,25,11,27
Lishizhenite,25.11.28,25,11,28
Zincovoltaite,25.11.29,25,11,29
Metasideronatrite,25.11.3,25,11,3
Ferrinatrite,25.11.4,25,11,4
Amarillite,25.11.5,25,11,5
Yavapaiite,25.11.6,25,11,6
Krausite,25.11.7,25,11,7
Goldichite,25.11.8,25,11,8
Jarosite,25.11.9,25,11,9
Bieberite,25.12.1,25,12,1
Dwornikite,25.12.10,25,12,10
Honessite,25.12.11,25,12,11
Hydrohonessite,25.12.12,25,12,12
Nickelhexahydrite,25.12.13,25,12,13
Cobaltzippeite,25.12.2,25,12,2
Aplowite,25.12.3,25,12,3
Moorhouseite,25.12.4,25,12,4
Retgersite,25.12.5,25,12,5
Morenosite,25.12.6,25,12,6
Nickelblödite,25.12.7,25,12,7
Nickelboussingaultite,25.12.8,25,12,8
Nickelzippeite,25.12.9,25,12,9
Chalcocyanite,25.2.1,25,2,1
Wroewolfeite,25.2.10,25,2,10
Kröhnkite,25.2.11,25,2,11
Natrochalcite,25.2.12,25,2,12
Piypite,25.2.13,25,2,13
Fedotovite,25.2.14,25,2,14
Cyanochroite,25.2.15,25,2,15
Euchlorine,25.2.16,25,2,16
Devilline,25.2.17,25,2,17
Leightonite,25.2.18,25,2,18
Chalcoalumite,25.2.19,25,2,19
Bonattite,25.2.2,25,2,2
Cyanotrichite,25.2.20,25,2,20
Woodwardite,25.2.21,25,2,21
Campigliaite,25.2.22,25,2,22
Guildite,25.2.23,25,2,23
Ransomite,25.2.24,25,2,24
Klyuchevskite,25.2.26,25,2,26
Poitevinite,25.2.27,25,2,27
Argentojarosite,25.2.28,25,2,28
Chalcanthite,25.2.3,25,2,3
Boothite,25.2.4,25,2,4
Dolerophanite,25.2.5,25,2,5
Antlerite,25.2.6,25,2,6
Brochantite,25.2.7,25,2,7
Posnjakite,25.2.8,25,2,8
Langite,25.2.9,25,2,9
Kieserite,25.3.1,25,3,1
Konyaite,25.3.10,25,3,10
Löweite,25.3.11,25,3,11
Uklonskovite,25.3.12,25,3,12
Langbeinite,25.3.13,25,3,13
Leonite,25.3.14,25,3,14
Picromerite,25.3.15,25,3,15
Efremovite,25.3.16,25,3,16
Boussingaultite,25.3.17,25,3,17
Pickeringite,25.3.18,25,3,18
Sanderite,25.3.2,25,3,2
Starkeyite,25.3.3,25,3,3
Pentahydrite,25.3.4,25,3,4
Hexahydrite,25.3.5,25,3,5
Epsomite,25.3.6,25,3,6
Caminite,25.3.7,25,3,7
Vanthoffite,25.3.8,25,3,8
Blödite,25.3.9,25,3,9
Anhydrite,25.4.1,25,4,1
Polyhalite,25.4.10,25,4,10
Koktaite,25.4.11,25,4,11
Ye'elimite,25.4.12,25,4,12
Ettringite,25.4.13,25,4,13
Bentorite,25.4.14,25,4,14
Celestine,25.4.15,25,4,15
Kalistrontite,25.4.16,25,4,16
Baryte,25.4.17,25,4,17
Bassanite,25.4.2,25,4,2
Gypsum,25.4.3,25,4,3
Glauberite,25.4.4,25,4,4
Cesanite,25.4.5,25,4,5
Eugsterite,25.4.6,25,4,6
Hydroglauberite,25.4.7,25,4,7
Syngenite,25.4.8,25,4,8
Görgeyite,25.4.9,25,4,9
Zinkosite,25.5.1,25,5,1
Glaucocerinite,25.5.10,25,5,10
Gunningite,25.5.11,25,5,11
Chaidamuite,25.5.12,25,5,12
Bianchite,25.5.13,25,5,13
Zincmelanterite,25.5.15,25,5,15
Zincobotryogen,25.5.16,25,5,16
Schuetteite,25.5.17,25,5,17
Gianellaite,25.5.18,25,5,18
Goslarite,25.5.2,25,5,2
Namuwite,25.5.3,25,5,3
Ktenasite,25.5.4,25,5,4
Ramsbeckite,25.5.5,25,5,5
Boyleite,25.5.6,25,5,6
Serpierite,25.5.7,25,5,7
Orthoserpierite,25.5.8,25,5,8
Zincaluminite,25.5.9,25,5,9
Rostite,25.6.1,25,6,1
Hydrobasaluminite,25.6.10,25,6,10
Zaherite,25.6.11,25,6,11
Tamarugite,25.6.12,25,6,12
Mendozite,25.6.13,25,6,13
Alum-(Na),25.6.14,25,6,14
Natroalunite,25.6.15,25,6,15
Kalinite,25.6.16,25,6,16
Alum-(K),25.6.17,25,6,17
Alunite,25.6.18,25,6,18
Natroalunite-2c,25.6.19,25,6,19
Jurbanite,25.6.2,25,6,2
Tschermigite,25.6.20,25,6,20
Khademite,25.6.3,25,6,3
Meta-aluminite,25.6.4,25,6,4
Aluminite,25.6.5,25,6,5
Meta-alunogen,25.6.6,25,6,6
Alunogen,25.6.7,25,6,7
FelsÅ‘bÃ¡nyaite,25.6.8,25,6,8
Basaluminite,25.6.9,25,6,9
Schaurteite,25.7.1,25,7,1
Itoite,25.7.10,25,7,10
Fleischerite,25.7.11,25,7,11
Beaverite-(Cu),25.7.12,25,7,12
Plumbojarosite,25.7.13,25,7,13
Zircosulfate,25.7.2,25,7,2
Anglesite,25.7.3,25,7,3
Lanarkite,25.7.4,25,7,4
Palmierite,25.7.5,25,7,5
Linarite,25.7.6,25,7,6
Elyite,25.7.7,25,7,7
Chenite,25.7.8,25,7,8
Osarizawaite,25.7.9,25,7,9
Klebelsbergite,25.8.1,25,8,1
Natrozippeite,25.8.10,25,8,10
Zippeite,25.8.11,25,8,11
Johannite,25.8.12,25,8,12
Magnesiozippeite,25.8.13,25,8,13
Zinczippeite,25.8.14,25,8,14
Coquandite,25.8.2,25,8,2
Peretaite,25.8.3,25,8,3
Cannonite,25.8.4,25,8,4
Minasragrite,25.8.5,25,8,5
Stanleyite,25.8.6,25,8,6
Redingtonite,25.8.7,25,8,7
Metauranopilite,25.8.8,25,8,8
Uranopilite,25.8.9,25,8,9
Szmikite,25.9.1,25,9,1
Mooreite,25.9.10,25,9,10
Torreyite,25.9.11,25,9,11
Lawsonbauerite,25.9.12,25,9,12
Dietrichite,25.9.13,25,9,13
JÃ´kokuite,25.9.2,25,9,2
Mallardite,25.9.3,25,9,3
Manganolangbeinite,25.9.4,25,9,4
Chvaleticeite,25.9.5,25,9,5
Despujolsite,25.9.6,25,9,6
Apjohnite,25.9.7,25,9,7
Shigaite,25.9.8,25,9,8
Ilesite,25.9.9,25,9,9
Kogarkoite,26.1,26,1,
Magnesioaubertite,26.1,26,10,
Svyazhinite,26.11,26,11,
D'Ansite,26.12,26,12,
Anhydrokainite,26.13,26,13,
Kainite,26.14,26,14,
Mosesite,26.15,26,15,
Kleinite,26.16,26,16,
Wilcoxite,26.17,26,17,
Creedite,26.18,26,18,
Lannonite,26.19,26,19,
Sulphohalite,26.2,26,2,
Chukhrovite-(Y),26.2,26,20,
Chukhrovite-(Ce),26.21,26,21,
Grandreefite,26.22,26,22,
Pseudograndreefite,26.23,26,23,
Sundiusite,26.24,26,24,
Caracolite,26.25,26,25,
Mammothite,26.26,26,26,
Atlasovite,26.27,26,27,
Xitieshanite,26.28,26,28,
Nabokoite,26.29,26,29,
Schairerite,26.3,26,3,
Galeite,26.4,26,4,
Connellite,26.5,26,5,
Chlorothionite,26.6,26,6,
Kamchatkite,26.7,26,7,
Spangolite,26.8,26,8,
Aubertite,26.9,26,9,
Hannebachite,27.1.1,27,1,1
Scotlandite,27.1.2,27,1,2
Gravegliaite,27.1.3,27,1,3
TarapacÃ¡ite,27.2.1,27,2,1
LÃ³pezite,27.2.2,27,2,2
Chromatite,27.2.3,27,2,3
Hashemite,27.2.4,27,2,4
Crocoite,27.2.5,27,2,5
Phoenicochroite,27.2.6,27,2,6
Santanaite,27.2.7,27,2,7
Iranite,27.2.8,27,2,8
Hemihedrite,27.2.9,27,2,9
Lindgrenite,27.3.1,27,3,1
Cousinite,27.3.10,27,3,10
Calcurmolite,27.3.11,27,3,11
Tengchongite,27.3.12,27,3,12
Kamiokite,27.3.13,27,3,13
Ferrimolybdite,27.3.14,27,3,14
Powellite,27.3.2,27,3,2
Wulfenite,27.3.3,27,3,3
Koechlinite,27.3.4,27,3,4
Sedovite,27.3.5,27,3,5
Mourite,27.3.6,27,3,6
Iriginite,27.3.7,27,3,7
Umohoite,27.3.8,27,3,8
Moluranite,27.3.9,27,3,9
Cuprotungstite,27.4.1,27,4,1
Russellite,27.4.10,27,4,10
Pinalite,27.4.11,27,4,11
Uranotungstite,27.4.12,27,4,12
HÃ¼bnerite,27.4.13,27,4,13
Ferberite,27.4.14,27,4,14
Wolframite,27.4.15,27,4,15
Ferritungstite,27.4.16,27,4,16
Phyllotungstite,27.4.17,27,4,17
Qitianlingite,27.4.18,27,4,18
Scheelite,27.4.2,27,4,2
Anthoinite,27.4.4,27,4,4
Mpororoite,27.4.5,27,4,5
Yttrotungstite-(Y),27.4.6,27,4,6
Yttrotungstite-(Ce),27.4.7,27,4,7
Stolzite,27.4.8,27,4,8
Raspite,27.4.9,27,4,9
Chalcomenite,28.1.1,28,1,1
Demesmaekerite,28.1.10,28,1,10
Mandarinoite,28.1.11,28,1,11
Cobaltomenite,28.1.12,28,1,12
Ahlfeldite,28.1.13,28,1,13
Clinochalcomenite,28.1.2,28,1,2
Francisite,28.1.3,28,1,3
Sofiite,28.1.4,28,1,4
Molybdomenite,28.1.5,28,1,5
Haynesite,28.1.6,28,1,6
Derriksite,28.1.7,28,1,7
Marthozite,28.1.8,28,1,8
Guilleminite,28.1.9,28,1,9
Olsacherite,28.2.1,28,2,1
Schmiederite,28.2.2,28,2,2
Balyakinite,28.3.1,28,3,1
Denningite,28.3.10,28,3,10
Spiroffite,28.3.11,28,3,11
Winstanleyite,28.3.12,28,3,12
Fairbankite,28.3.13,28,3,13
Plumbotellurite,28.3.14,28,3,14
Choloalite,28.3.15,28,3,15
Smirnite,28.3.16,28,3,16
Chekhovichite,28.3.17,28,3,17
Cliffordite,28.3.18,28,3,18
Schmitterite,28.3.19,28,3,19
Rajite,28.3.2,28,3,2
Moctezumite,28.3.20,28,3,20
Emmonsite,28.3.21,28,3,21
Blakeite,28.3.22,28,3,22
Mackayite,28.3.23,28,3,23
Poughite,28.3.24,28,3,24
Sonoraite,28.3.25,28,3,25
Rodalquilarite,28.3.26,28,3,26
Eztlite,28.3.27,28,3,27
Keystoneite,28.3.28,28,3,28
Graemite,28.3.3,28,3,3
Teineite,28.3.4,28,3,4
Cesbronite,28.3.5,28,3,5
Mroseite,28.3.6,28,3,6
Quetzalcoatlite,28.3.7,28,3,7
Zemannite,28.3.8,28,3,8
Kinichilite,28.3.9,28,3,9
Xocomecatlite,28.4.1,28,4,1
Dugganite,28.4.10,28,4,10
Kuksite,28.4.11,28,4,11
Cheremnykhite,28.4.12,28,4,12
Tlapallite,28.4.13,28,4,13
Montanite,28.4.14,28,4,14
Kuranakhite,28.4.15,28,4,15
Cuzticite,28.4.16,28,4,16
Yecoraite,28.4.17,28,4,17
Carlfriesite,28.4.2,28,4,2
Yafsoanite,28.4.3,28,4,3
Tlalocite,28.4.4,28,4,4
Oboyerite,28.4.5,28,4,5
Schieffelinite,28.4.6,28,4,6
Girdite,28.4.7,28,4,7
Khinite,28.4.8,28,4,8
Khinite-3T,28.4.9,28,4,9
Salesite,29.1,29,1,
Bellingerite,29.2,29,2,
Lautarite,29.3,29,3,
BrÃ¼ggenite,29.4,29,4,
Dietzeite,29.5,29,5,
Seeligerite,29.6,29,6,
Schwartzembergite,29.7,29,7,
Hectorfloresite,29.8,29,8,
Erdite,3.0.1,3,0,1
Coyoteite,3.0.2,3,0,2
Chvilevaite,3.0.3,3,0,3
Rasvumite,3.0.4,3,0,4
Bartonite,3.0.5,3,0,5
Murunskite,3.0.6,3,0,6
Chalcocite,3.1.1,3,1,1
Bellidoite,3.1.10,3,1,10
Umangite,3.1.11,3,1,11
Yarrowite,3.1.12,3,1,12
Athabascaite,3.1.13,3,1,13
Klockmannite,3.1.14,3,1,14
Krut'aite,3.1.15,3,1,15
Weissite,3.1.16,3,1,16
Rickardite,3.1.17,3,1,17
Vulcanite,3.1.18,3,1,18
Bambollaite,3.1.19,3,1,19
Djurleite,3.1.2,3,1,2
Lautite,3.1.20,3,1,20
Mgriite,3.1.21,3,1,21
Cubanite,3.1.22,3,1,22
Bornite,3.1.23,3,1,23
Fukuchilite,3.1.24,3,1,24
Chalcopyrite,3.1.25,3,1,25
Mooihoekite,3.1.26,3,1,26
Haycockite,3.1.27,3,1,27
Isocubanite,3.1.28,3,1,28
Idaite,3.1.29,3,1,29
Digenite,3.1.3,3,1,3
Nukundamite,3.1.30,3,1,30
Putoranite,3.1.31,3,1,31
Orickite,3.1.32,3,1,32
Eskebornite,3.1.33,3,1,33
ChamÃ©anite,3.1.34,3,1,34
Talnakhite,3.1.35,3,1,35
Anilite,3.1.4,3,1,4
Roxbyite,3.1.5,3,1,5
Spionkopite,3.1.6,3,1,6
Geerite,3.1.7,3,1,7
Covellite,3.1.8,3,1,8
Berzelianite,3.1.9,3,1,9
Cobaltpentlandite,3.10.1,3,10,1
Safflorite,3.10.10,3,10,10
Clinosafflorite,3.10.11,3,10,11
Skutterudite,3.10.12,3,10,12
Cobaltite,3.10.13,3,10,13
Paracostibite,3.10.14,3,10,14
Costibite,3.10.15,3,10,15
Alloclasite,3.10.16,3,10,16
Glaucodot,3.10.17,3,10,17
Carrollite,3.10.18,3,10,18
Linnaeite,3.10.2,3,10,2
Cattierite,3.10.3,3,10,3
Freboldite,3.10.4,3,10,4
Bornhardtite,3.10.5,3,10,5
Trogtalite,3.10.6,3,10,6
Hastite,3.10.7,3,10,7
Mattagamite,3.10.8,3,10,8
Modderite,3.10.9,3,10,9
Heazlewoodite,3.11.1,3,11,1
Bravoite,3.11.10,3,11,10
Siegenite,3.11.11,3,11,11
Fletcherite,3.11.12,3,11,12
VillamanÃ­nite,3.11.13,3,11,13
Mäkinenite,3.11.14,3,11,14
Sederholmite,3.11.15,3,11,15
TrÃ¼stedtite,3.11.16,3,11,16
Wilkmanite,3.11.17,3,11,17
Kullerudite,3.11.18,3,11,18
Penroseite,3.11.19,3,11,19
Godlevskite,3.11.2,3,11,2
Tyrrellite,3.11.20,3,11,20
Imgreite,3.11.21,3,11,21
Melonite,3.11.22,3,11,22
Kitkaite,3.11.23,3,11,23
Dienerite,3.11.24,3,11,24
Orcelite,3.11.25,3,11,25
Maucherite,3.11.26,3,11,26
Nickeline,3.11.27,3,11,27
Rammelsbergite,3.11.28,3,11,28
Pararammelsbergite,3.11.29,3,11,29
Millerite,3.11.3,3,11,3
Nickelskutterudite,3.11.30,3,11,30
Oregonite,3.11.31,3,11,31
Westerveldite,3.11.32,3,11,32
Langisite,3.11.33,3,11,33
Gersdorffite,3.11.34,3,11,34
Jolliffeite,3.11.35,3,11,35
Breithauptite,3.11.36,3,11,36
Ullmannite,3.11.38,3,11,38
Willyamite,3.11.39,3,11,39
Polydymite,3.11.4,3,11,4
Vaesite,3.11.5,3,11,5
Shandite,3.11.6,3,11,6
Donharrisite,3.11.7,3,11,7
Violarite,3.11.8,3,11,8
Pentlandite,3.11.9,3,11,9
Seinäjokite,3.12.1,3,12,1
Bowieite,3.12.10,3,12,10
Cherepanovite,3.12.11,3,12,11
Hollingworthite,3.12.12,3,12,12
Vysotskite,3.12.13,3,12,13
Vasilite,3.12.14,3,12,14
Palladseite,3.12.15,3,12,15
Oosterboschite,3.12.16,3,12,16
Telluropalladinite,3.12.17,3,12,17
Temagamite,3.12.18,3,12,18
Sopcheite,3.12.19,3,12,19
Laurite,3.12.2,3,12,2
Michenerite,3.12.20,3,12,20
Kotulskite,3.12.21,3,12,21
Telargpalite,3.12.22,3,12,22
Merenskyite,3.12.23,3,12,23
Palladoarsenide,3.12.24,3,12,24
Stillwaterite,3.12.25,3,12,25
Atheneite,3.12.26,3,12,26
Majakite,3.12.27,3,12,27
Palarstanide,3.12.28,3,12,28
Arsenopalladinite,3.12.29,3,12,29
Ruthenarsenite,3.12.3,3,12,3
Vincentite,3.12.30,3,12,30
Palladobismutharsenide,3.12.31,3,12,31
Stibiopalladinite,3.12.32,3,12,32
Hexatestibiopanickelite,3.12.33,3,12,33
Sudburyite,3.12.34,3,12,34
Testibiopalladite,3.12.35,3,12,35
Borovskite,3.12.36,3,12,36
Isomertieite,3.12.37,3,12,37
Pseudomertieite,3.12.38,3,12,38
Mertieite,3.12.39,3,12,39
Anduoite,3.12.4,3,12,4
Sobolevskite,3.12.40,3,12,40
Froodite,3.12.41,3,12,41
Polarite,3.12.42,3,12,42
Urvantsevite,3.12.43,3,12,43
Cooperite,3.12.44,3,12,44
Braggite,3.12.45,3,12,45
Kharaelakhite,3.12.46,3,12,46
Malanite,3.12.47,3,12,47
Moncheite,3.12.48,3,12,48
Maslovite,3.12.49,3,12,49
Ruarsite,3.12.5,3,12,5
Sperrylite,3.12.50,3,12,50
Platarsite,3.12.51,3,12,51
Geversite,3.12.52,3,12,52
Daomanite,3.12.53,3,12,53
Genkinite,3.12.54,3,12,54
Stumpflite,3.12.55,3,12,55
Insizwaite,3.12.56,3,12,56
Erlichmanite,3.12.57,3,12,57
Omeiite,3.12.58,3,12,58
Osarsite,3.12.59,3,12,59
Xingzhongite,3.12.6,3,12,6
Kashinite,3.12.60,3,12,60
Inaglyite,3.12.61,3,12,61
Cuproiridsite,3.12.62,3,12,62
Iridarsenite,3.12.63,3,12,63
Irarsite,3.12.64,3,12,64
Tolovkite,3.12.65,3,12,65
Rhodplumsite,3.12.7,3,12,7
Cuprorhodsite,3.12.8,3,12,8
Konderite,3.12.9,3,12,9
Acanthite,3.2.1,3,2,1
Stromeyerite,3.2.10,3,2,10
Mckinstryite,3.2.11,3,2,11
Jalpaite,3.2.12,3,2,12
Eucairite,3.2.13,3,2,13
Cameronite,3.2.14,3,2,14
Henryite,3.2.15,3,2,15
Sternbergite,3.2.16,3,2,16
Argentopyrite,3.2.17,3,2,17
Geffroyite,3.2.18,3,2,18
Argentopentlandite,3.2.19,3,2,19
Naumannite,3.2.3,3,2,3
Aguilarite,3.2.4,3,2,4
Hessite,3.2.5,3,2,5
Empressite,3.2.6,3,2,6
StÃ¼tzite,3.2.7,3,2,7
Cervelleite,3.2.8,3,2,8
Dervillite,3.2.9,3,2,9
Calaverite,3.3.1,3,3,1
Penzhinite,3.3.10,3,3,10
Bezsmertnovite,3.3.11,3,3,11
Bilibinskite,3.3.12,3,3,12
Bogdanovite,3.3.13,3,3,13
Montbrayite,3.3.14,3,3,14
Krennerite,3.3.2,3,3,2
Kostovite,3.3.3,3,3,3
Uytenbogaardtite,3.3.4,3,3,4
Fischesserite,3.3.5,3,3,5
Petrovskaite,3.3.6,3,3,6
Petzite,3.3.7,3,3,7
Muthmannite,3.3.8,3,3,8
Sylvanite,3.3.9,3,3,9
Niningerite,3.4.1,3,4,1
Oldhamite,3.4.2,3,4,2
MÃ¡traite,3.4.3,3,4,3
Sphalerite,3.4.4,3,4,4
Wurtzite,3.4.5,3,4,5
Stilleite,3.4.6,3,4,6
Greenockite,3.4.7,3,4,7
Hawleyite,3.4.8,3,4,8
Cadmoselite,3.4.9,3,4,9
Cinnabar,3.5.1,3,5,1
Polhemusite,3.5.10,3,5,10
Carlinite,3.5.11,3,5,11
Crookesite,3.5.12,3,5,12
Sabatierite,3.5.13,3,5,13
Picotpaulite,3.5.14,3,5,14
Raguinite,3.5.15,3,5,15
Thalcusite,3.5.16,3,5,16
Bukovite,3.5.17,3,5,17
Gallite,3.5.18,3,5,18
Roquesite,3.5.19,3,5,19
Hypercinnabar,3.5.2,3,5,2
Indite,3.5.20,3,5,20
Metacinnabar,3.5.3,3,5,3
Imiterite,3.5.4,3,5,4
Tiemannite,3.5.5,3,5,5
Balkanite,3.5.6,3,5,6
Danielsite,3.5.7,3,5,7
Coloradoite,3.5.8,3,5,8
Gortdrumite,3.5.9,3,5,9
Herzenbergite,3.6.1,3,6,1
Betekhtinite,3.6.10,3,6,10
Shadlunite,3.6.11,3,6,11
Ottemannite,3.6.2,3,6,2
Berndtite,3.6.3,3,6,3
Stistaite,3.6.4,3,6,4
Galena,3.6.5,3,6,5
Clausthalite,3.6.6,3,6,6
Altaite,3.6.7,3,6,7
Furutobeite,3.6.8,3,6,8
Aschamalmite,3.6.9,3,6,9
PatrÃ³nite,3.7.1,3,7,1
Laphamite,3.7.10,3,7,10
Getchellite,3.7.11,3,7,11
Wakabayashilite,3.7.12,3,7,12
Pääkkönenite,3.7.13,3,7,13
Stibnite,3.7.14,3,7,14
Metastibnite,3.7.15,3,7,15
Tellurantimony,3.7.16,3,7,16
Bismuthinite,3.7.17,3,7,17
Nevskite,3.7.18,3,7,18
Guanajuatite,3.7.19,3,7,19
Duranusite,3.7.2,3,7,2
Ikunolite,3.7.21,3,7,21
Laitakarite,3.7.22,3,7,22
Poubaite,3.7.23,3,7,23
Tellurobismuthite,3.7.24,3,7,24
SouÄekite,3.7.25,3,7,25
Tsumoite,3.7.26,3,7,26
Pilsenite,3.7.27,3,7,27
Hedleyite,3.7.28,3,7,28
Tetradymite,3.7.29,3,7,29
Dimorphite,3.7.3,3,7,3
JosÃ©ite,3.7.30,3,7,30
JosÃ©ite-B,3.7.31,3,7,31
Ingodite,3.7.32,3,7,32
Sulphotsumoite,3.7.33,3,7,33
Kawazulite,3.7.34,3,7,34
Skippenite,3.7.36,3,7,36
Kochkarite,3.7.37,3,7,37
Rucklidgeite,3.7.38,3,7,38
Aleksite,3.7.39,3,7,39
Realgar,3.7.4,3,7,4
Junoite,3.7.40,3,7,40
Pararealgar,3.7.5,3,7,5
AlacrÃ¡nite,3.7.6,3,7,6
Uzonite,3.7.7,3,7,7
Orpiment,3.7.8,3,7,8
Jeromite,3.7.9,3,7,9
Brezinaite,3.8.1,3,8,1
Tungstenite,3.8.10,3,8,10
Alabandite,3.8.12,3,8,12
Hauerite,3.8.13,3,8,13
Manganoshadlunite,3.8.14,3,8,14
Caswellsilverite,3.8.2,3,8,2
Kalininite,3.8.3,3,8,3
DaubrÃ©elite,3.8.4,3,8,4
Heideite,3.8.5,3,8,5
Molybdenite,3.8.6,3,8,6
Molybdenite-3R,3.8.7,3,8,7
"Jordisite""",3.8.8,3,8,8
Drysdallite,3.8.9,3,8,9
Pyrrhotite,3.9.1,3,9,1
Frohbergite,3.9.10,3,9,10
Löllingite,3.9.11,3,9,11
Arsenopyrite,3.9.12,3,9,12
Gudmundite,3.9.13,3,9,13
Pyrite,3.9.3,3,9,3
Marcasite,3.9.4,3,9,4
Greigite,3.9.5,3,9,5
Mackinawite,3.9.6,3,9,6
Smythite,3.9.7,3,9,7
AchÃ¡valite,3.9.8,3,9,8
Ferroselite,3.9.9,3,9,9
Julienite,30.1,30,1,
Kafehydrocyanite,30.2,30,2,
Oxammite,31.1.1,31,1,1
Minguzzite,31.1.10,31,1,10
Moolooite,31.1.2,31,1,2
Wheatleyite,31.1.3,31,1,3
Glushinskite,31.1.4,31,1,4
Whewellite,31.1.5,31,1,5
Weddellite,31.1.6,31,1,6
Humboldtine,31.1.7,31,1,7
Stepanovite,31.1.8,31,1,8
Zhemchuzhnikovite,31.1.9,31,1,9
Earlandite,31.2.1,31,2,1
Mellite,31.3.1,31,3,1
Calclacite,31.4.1,31,4,1
Evenkite,32.1,32,,1
Kladnoite,32.1,32,,10
Acetamide,32.11,32,,11
Guanine,32.12,32,,12
Urea,32.13,32,,13
Uricite,32.14,32,,14
Abelsonite,32.15,32,,15
Fichtelite,32.2,32,,2
Simonellite,32.3,32,,3
KratochvÃ­lite,32.4,32,,4
Idrialite,32.5,32,,5
Carpathite,32.6,32,,6
Refikite,32.7,32,,7
Flagstaffite,32.8,32,,8
Hoelite,32.9,32,,9
Bazhenovite,4.1,4,,1
Apuanite,4.1,4,,10
Versiliaite,4.11,4,,11
Kermesite,4.2,4,,2
Sarabauite,4.3,4,,3
Schöllhornite,4.4,4,,4
Yushkinite,4.5,4,,5
Vyalsovite,4.6,4,,6
Valleriite,4.7,4,,7
Tochilinite,4.8,4,,8
Haapalaite,4.9,4,,9
Gerstleyite,5.0.1,5,0,1
Sinnerite,5.1.1,5,1,1
HodruÅ¡ite,5.1.10,5,1,10
Giraudite-(Zn),5.1.11,5,1,11
Permingeatite,5.1.12,5,1,12
Tennantite Subgroup,5.1.2,5,1,2
Chalcostibite,5.1.4,5,1,4
Tetrahedrite Subgroup,5.1.5,5,1,5
Goldfieldite,5.1.6,5,1,6
Emplectite,5.1.7,5,1,7
Cuprobismutite,5.1.8,5,1,8
Wittichenite,5.1.9,5,1,9
Smithite,5.2.1,5,2,1
Pyrostilpnite,5.2.10,5,2,10
Stephanite,5.2.11,5,2,11
Polybasite,5.2.12,5,2,12
Billingsleyite,5.2.13,5,2,13
Polybasite-Tac,5.2.14,5,2,14
Freibergite Subgroup,5.2.15,5,2,15
Aramayoite,5.2.16,5,2,16
Matildite,5.2.17,5,2,17
Schapbachite,5.2.18,5,2,18
Pavonite,5.2.19,5,2,19
Trechmannite,5.2.2,5,2,2
Arcubisite,5.2.20,5,2,20
Bohdanowiczite,5.2.21,5,2,21
Selenostephanite,5.2.22,5,2,22
Benleonardite,5.2.23,5,2,23
Volynskite,5.2.24,5,2,24
Proustite,5.2.3,5,2,3
Xanthoconite,5.2.4,5,2,4
Pearceite,5.2.5,5,2,5
Pearceite-T2ac,5.2.6,5,2,6
Argentotennantite-(Zn),5.2.7,5,2,7
Miargyrite,5.2.8,5,2,8
Pyrargyrite,5.2.9,5,2,9
NagyÃ¡gite,5.3.1,5,3,1
Nowackiite,5.4.1,5,4,1
Florensovite,5.4.2,5,4,2
Aktashite,5.4.3,5,4,3
Laffittite,5.4.4,5,4,4
Galkhaite,5.4.5,5,4,5
Livingstonite,5.4.6,5,4,6
Gruzdevite,5.4.7,5,4,7
Tvalchrelidzeite,5.4.8,5,4,8
Hakite-(Hg),5.4.9,5,4,9
LorÃ¡ndite,5.5.1,5,5,1
Vrbaite,5.5.10,5,5,10
Rebulite,5.5.11,5,5,11
Gillulyite,5.5.12,5,5,12
Weissbergite,5.5.13,5,5,13
Rohaite,5.5.14,5,5,14
Vaughanite,5.5.15,5,5,15
Chalcothallite,5.5.16,5,5,16
Pierrotite,5.5.17,5,5,17
Parapierrotite,5.5.18,5,5,18
Criddleite,5.5.19,5,5,19
Ellisite,5.5.2,5,5,2
ChabournÃ©ite,5.5.20,5,5,20
Imhofite,5.5.3,5,5,3
Simonite,5.5.4,5,5,4
Christite,5.5.5,5,5,5
Routhierite,5.5.6,5,5,6
Hutchinsonite,5.5.7,5,5,7
Wallisite,5.5.8,5,5,8
Bernardite,5.5.9,5,5,9
Sartorite,5.6.1,5,6,1
Heteromorphite,5.6.10,5,6,10
Launayite,5.6.11,5,6,11
Playfairite,5.6.12,5,6,12
Semseyite,5.6.13,5,6,13
Madocite,5.6.14,5,6,14
Boulangerite,5.6.15,5,6,15
Robinsonite,5.6.17,5,6,17
Guettardite,5.6.18,5,6,18
Twinnite,5.6.19,5,6,19
DufrÃ©noysite,5.6.2,5,6,2
Veenite,5.6.20,5,6,20
Sorbyite,5.6.21,5,6,21
Geocronite,5.6.22,5,6,22
Galenobismutite,5.6.23,5,6,23
Cosalite,5.6.24,5,6,24
Cannizzarite,5.6.25,5,6,25
Lillianite,5.6.26,5,6,26
Giessenite,5.6.27,5,6,27
Platynite,5.6.28,5,6,28
Xilingolite,5.6.29,5,6,29
Liveingite,5.6.3,5,6,3
Weibullite,5.6.30,5,6,30
Wittite,5.6.31,5,6,31
Kirkiite,5.6.32,5,6,32
Ustarasite,5.6.33,5,6,33
Baumhauerite,5.6.4,5,6,4
Gratonite,5.6.5,5,6,5
Jordanite,5.6.6,5,6,6
FÃ¼löppite,5.6.7,5,6,7
Zinkenite,5.6.8,5,6,8
Plagionite,5.6.9,5,6,9
Seligmannite,5.7.1,5,7,1
Nuffieldite,5.7.10,5,7,10
JaskÃ³lskiite,5.7.11,5,7,11
Tintinaite,5.7.12,5,7,12
Kobellite,5.7.13,5,7,13
Proudite,5.7.14,5,7,14
Nordströmite,5.7.15,5,7,15
Watkinsonite,5.7.16,5,7,16
Pekoite,5.7.17,5,7,17
Petrovicite,5.7.18,5,7,18
Eclarite,5.7.19,5,7,19
Bournonite,5.7.2,5,7,2
Marrite,5.7.20,5,7,20
Argentobaumhauerite,5.7.21,5,7,21
Andorite,5.7.22,5,7,22
Ramdohrite,5.7.23,5,7,23
Roshchinite,5.7.24,5,7,24
Ourayite,5.7.25,5,7,25
Eskimoite,5.7.26,5,7,26
FizÃ©lyite,5.7.27,5,7,27
Owyheeite,5.7.28,5,7,28
Freieslebenite,5.7.29,5,7,29
Meneghinite,5.7.3,5,7,3
Diaphorite,5.7.30,5,7,30
Sterryite,5.7.31,5,7,31
Vikingite,5.7.32,5,7,32
Zoubekite,5.7.33,5,7,33
Schirmerite,5.7.34,5,7,34
Gustavite,5.7.36,5,7,36
Kitaibelite,5.7.37,5,7,37
Treasurite,5.7.38,5,7,38
Benjaminite,5.7.39,5,7,39
Gladite,5.7.4,5,7,4
Lengenbachite,5.7.40,5,7,40
Berryite,5.7.41,5,7,41
Neyite,5.7.42,5,7,42
Larosite,5.7.43,5,7,43
Cupropavonite,5.7.44,5,7,44
PadÄ•raite,5.7.45,5,7,45
Rayite,5.7.46,5,7,46
Rathite,5.7.47,5,7,47
Hatchite,5.7.48,5,7,48
Lindströmite,5.7.5,5,7,5
Krupkaite,5.7.6,5,7,6
Hammarite,5.7.7,5,7,7
Friedrichite,5.7.8,5,7,8
Aikinite,5.7.9,5,7,9
Samsonite,5.8.1,5,8,1
Sakharovaite,5.8.10,5,8,10
Arsenohauchecornite,5.8.11,5,8,11
TuÄekite,5.8.12,5,8,12
Bismutohauchecornite,5.8.13,5,8,13
Parkerite,5.8.14,5,8,14
Hauchecornite,5.8.15,5,8,15
Tellurohauchecornite,5.8.16,5,8,16
Lapieite,5.8.17,5,8,17
MÃ¼ckeite,5.8.18,5,8,18
Vozhminite,5.8.19,5,8,19
Uchucchacuaite,5.8.2,5,8,2
Benavidesite,5.8.3,5,8,3
Berthierite,5.8.4,5,8,4
Jamesonite,5.8.5,5,8,5
Parajamesonite,5.8.6,5,8,6
Garavellite,5.8.7,5,8,7
Izoklakeite,5.8.8,5,8,8
Miharaite,5.8.9,5,8,9
Kuramite,6.1.1,6,1,1
FerrokÃ«sterite,6.1.10,6,1,10
KÃ«sterite,6.1.11,6,1,11
Stannoidite,6.1.12,6,1,12
ÄŒernÃ½ite,6.1.13,6,1,13
Vinciennite,6.1.14,6,1,14
Pirquitasite,6.1.15,6,1,15
Hocartite,6.1.16,6,1,16
Teallite,6.1.17,6,1,17
Franckeite,6.1.18,6,1,18
LÃ©vyclaudite,6.1.19,6,1,19
Mohite,6.1.2,6,1,2
Cylindrite,6.1.20,6,1,20
PotosÃ­ite,6.1.21,6,1,21
Sakuraiite,6.1.22,6,1,22
Petrukite,6.1.23,6,1,23
Incaite,6.1.24,6,1,24
Velikite,6.1.3,6,1,3
Hemusite,6.1.4,6,1,4
Kiddcreekite,6.1.5,6,1,5
Stannite,6.1.6,6,1,6
Rhodostannite,6.1.7,6,1,7
Mawsonite,6.1.8,6,1,8
Chatkalite,6.1.9,6,1,9
Germanite,6.2.1,6,2,1
Briartite,6.2.2,6,2,2
Renierite,6.2.3,6,2,3
Argyrodite,6.2.4,6,2,4
Canfieldite,6.2.5,6,2,5
Morozeviczite,6.2.6,6,2,6
Polkovicite,6.2.7,6,2,7
Enargite,6.3.1,6,3,1
Luzonite,6.3.2,6,3,2
Famatinite,6.3.3,6,3,3
Sulvanite,6.4.1,6,4,1
Arsenosulvanite,6.4.2,6,4,2
Colusite,6.4.3,6,4,3
Nekrasovite,6.4.4,6,4,4
Corderoite,6.5.1,6,5,1
Radhakrishnaite,6.5.10,6,5,10
Djerfisherite,6.5.11,6,5,11
Thalfenisite,6.5.12,6,5,12
Arzakite,6.5.2,6,5,2
Lavrentievite,6.5.3,6,5,3
Grechishchevite,6.5.4,6,5,4
Radtkeite,6.5.5,6,5,5
Capgaronnite,6.5.6,6,5,6
Perroudite,6.5.7,6,5,7
Ardaite,6.5.8,6,5,8
Dadsonite,6.5.9,6,5,9
Ice,7.1.1,7,1,1
Baddeleyite,7.10.1,7,10,1
Thorianite,7.10.10,7,10,10
Arkelite,7.10.2,7,10,2
Painite,7.10.3,7,10,3
Srilankite,7.10.4,7,10,4
Zirconolite,7.10.5,7,10,5
Calzirtite,7.10.6,7,10,6
Tazheranite,7.10.7,7,10,7
Zirkelite,7.10.8,7,10,8
Uhligite,7.10.9,7,10,9
Romarchite,7.11.1,7,11,1
Natanite,7.11.10,7,11,10
Mushistonite,7.11.11,7,11,11
Ferronigerite-2N1S,7.11.12,7,11,12
Magnesionigerite,7.11.13,7,11,13
Argutite,7.11.14,7,11,14
Brunogeierite,7.11.15,7,11,15
Stottite,7.11.16,7,11,16
Carboirite,7.11.17,7,11,17
Otjisumeite,7.11.18,7,11,18
Bartelkeite,7.11.19,7,11,19
Cassiterite,7.11.2,7,11,2
Massicot,7.11.20,7,11,20
Litharge,7.11.21,7,11,21
Minium,7.11.22,7,11,22
Plattnerite,7.11.23,7,11,23
Scrutinyite,7.11.24,7,11,24
Murdochite,7.11.25,7,11,25
Macedonite,7.11.26,7,11,26
CesÃ rolite,7.11.27,7,11,27
Coronadite,7.11.28,7,11,28
Quenselite,7.11.29,7,11,29
Plumboferrite,7.11.30,7,11,30
Magnetoplumbite,7.11.31,7,11,31
Senaite,7.11.32,7,11,32
Schoenfliesite,7.11.4,7,11,4
Burtite,7.11.5,7,11,5
Vismirnovite,7.11.6,7,11,6
Wickmanite,7.11.7,7,11,7
Tetrawickmanite,7.11.8,7,11,8
Jeanbandyite,7.11.9,7,11,9
Montroseite,7.12.1,7,12,1
Bariandite,7.12.10,7,12,10
Corvusite,7.12.11,7,12,11
Simplotite,7.12.12,7,12,12
Kyzylkumite,7.12.13,7,12,13
Schreyerite,7.12.14,7,12,14
Berdesinskiite,7.12.15,7,12,15
Tivanite,7.12.16,7,12,16
Mannardite,7.12.17,7,12,17
Karelianite,7.12.18,7,12,18
Coulsonite,7.12.19,7,12,19
Scherbinaite,7.12.2,7,12,2
Nolanite,7.12.20,7,12,20
Vuorelainenite,7.12.21,7,12,21
Tantite,7.12.22,7,12,22
Kimrobinsonite,7.12.23,7,12,23
Paramontroseite,7.12.3,7,12,3
Häggite,7.12.4,7,12,4
Duttonite,7.12.5,7,12,5
Doloresite,7.12.6,7,12,6
Lenoblite,7.12.7,7,12,7
Navajoite,7.12.8,7,12,8
Vanoxite,7.12.9,7,12,9
Arsenolite,7.13.1,7,13,1
Stibivanite,7.13.11,7,13,11
Bismite,7.13.12,7,13,12
SillÃ©nite,7.13.13,7,13,13
Claudetite,7.13.2,7,13,2
Senarmontite,7.13.3,7,13,3
Valentinite,7.13.4,7,13,4
Cervantite,7.13.5,7,13,5
Stibiconite,7.13.6,7,13,6
Bahianite,7.13.7,7,13,7
Cualstibite-1M,7.13.8,7,13,8
Bismutostibiconite,7.13.9,7,13,9
Eskolaite,7.14.1,7,14,1
Zincochromite,7.14.10,7,14,10
Wattersite,7.14.11,7,14,11
Chromite,7.14.12,7,14,12
Magnesiochromite,7.14.13,7,14,13
Bracewellite,7.14.2,7,14,2
Grimaldiite,7.14.3,7,14,3
Guyanaite,7.14.4,7,14,4
Yimengite,7.14.5,7,14,5
Mathiasite,7.14.6,7,14,6
Mcconnellite,7.14.7,7,14,7
Redledgeite,7.14.8,7,14,8
Hawthorneite,7.14.9,7,14,9
Tugarinovite,7.15.1,7,15,1
Molybdite,7.15.2,7,15,2
Sidwillite,7.15.3,7,15,3
Ilsemannite,7.15.4,7,15,4
Tungstite,7.15.5,7,15,5
Hydrotungstite,7.15.6,7,15,6
Meymacite,7.15.7,7,15,7
Alumotungstite,7.15.8,7,15,8
Hydroplumboelsmoreite,7.15.9,7,15,9
Uraninite,7.16.1,7,16,1
Roubaultite,7.16.10,7,16,10
Becquerelite,7.16.11,7,16,11
Rameauite,7.16.12,7,16,12
Agrinierite,7.16.13,7,16,13
Protasite,7.16.14,7,16,14
Billietite,7.16.15,7,16,15
Bauranoite,7.16.16,7,16,16
Metacalciouranoite,7.16.17,7,16,17
Calciouranoite,7.16.18,7,16,18
Orthobrannerite,7.16.19,7,16,19
Schoepite,7.16.2,7,16,2
Thorutite,7.16.20,7,16,20
Davidite-(La),7.16.21,7,16,21
Davidite-(Ce),7.16.22,7,16,22
Brannerite,7.16.23,7,16,23
Fourmarierite,7.16.24,7,16,24
Richetite,7.16.25,7,16,25
Curite,7.16.26,7,16,26
Masuyite,7.16.27,7,16,27
Vandendriesscheite,7.16.28,7,16,28
Metavandendriesscheite,7.16.29,7,16,29
Paraschoepite,7.16.3,7,16,3
Sayrite,7.16.30,7,16,30
Wölsendorfite,7.16.31,7,16,31
Clarkeite,7.16.32,7,16,32
Uranosphaerite,7.16.33,7,16,33
Metaschoepite,7.16.4,7,16,4
Metastudtite,7.16.5,7,16,5
Studtite,7.16.6,7,16,6
Ianthinite,7.16.7,7,16,7
Compreignacite,7.16.8,7,16,8
Vandenbrandeite,7.16.9,7,16,9
Downeyite,7.17.1,7,17,1
Tellurite,7.17.2,7,17,2
Paratellurite,7.17.3,7,17,3
Chiluite,7.17.4,7,17,4
Manganosite,7.18.1,7,18,1
Pyrochroite,7.18.10,7,18,10
Birnessite,7.18.11,7,18,11
Aurorite,7.18.12,7,18,12
Cianciulliite,7.18.13,7,18,13
Hausmannite,7.18.2,7,18,2
Pyrolusite,7.18.3,7,18,3
Ramsdellite,7.18.4,7,18,4
Akhtenskite,7.18.5,7,18,5
Feitknechtite,7.18.6,7,18,6
Manganite,7.18.7,7,18,7
Groutite,7.18.8,7,18,8
Nsutite,7.18.9,7,18,9
Bixbyite-(Mn),7.19.1,7,19,1
Janggunite,7.19.2,7,19,2
Jacobsite,7.19.3,7,19,3
Vernadite,7.19.4,7,19,4
Galaxite,7.19.5,7,19,5
Filipstadite,7.19.6,7,19,6
Manganochromite,7.19.7,7,19,7
ZenzÃ©nite,7.19.8,7,19,8
Lithiophorite,7.2.1,7,2,1
Diaoyudaoite,7.2.2,7,2,2
Manjiroite,7.2.3,7,2,3
Cryptomelane,7.2.4,7,2,4
WÃ¼stite,7.20.1,7,20,1
Amakinite,7.20.10,7,20,10
Magnesioferrite,7.20.11,7,20,11
Muskoxite,7.20.12,7,20,12
Srebrodolskite,7.20.13,7,20,13
Hercynite,7.20.14,7,20,14
Brownmillerite,7.20.15,7,20,15
Magnetite,7.20.2,7,20,2
Maghemite,7.20.3,7,20,3
Hematite,7.20.4,7,20,4
Goethite,7.20.5,7,20,5
Akaganeite,7.20.6,7,20,6
Feroxyhyte,7.20.7,7,20,7
Lepidocrocite,7.20.8,7,20,8
Ferrihydrite,7.20.9,7,20,9
Heterogenite,7.21.1,7,21,1
Cochromite,7.21.3,7,21,3
Asbolane,7.21.4,7,21,4
Bunsenite,7.22.1,7,22,1
Theophrastite,7.22.3,7,22,3
Jamborite,7.22.4,7,22,4
Takovite,7.22.5,7,22,5
Trevorite,7.22.6,7,22,6
Nichromite,7.22.7,7,22,7
Cuprite,7.3.1,7,3,1
Tenorite,7.3.2,7,3,2
Paramelaconite,7.3.3,7,3,3
Spertiniite,7.3.4,7,3,4
Crednerite,7.3.5,7,3,5
Delafossite,7.3.6,7,3,6
Cuprospinel,7.3.7,7,3,7
Bromellite,7.4.1,7,4,1
Meixnerite,7.4.10,7,4,10
Lime,7.4.11,7,4,11
Portlandite,7.4.12,7,4,12
Chlormayenite,7.4.13,7,4,13
Hydrocalumite,7.4.14,7,4,14
Marokite,7.4.15,7,4,15
RanciÃ©ite,7.4.16,7,4,16
Hollandite,7.4.17,7,4,17
Romanèchite,7.4.18,7,4,18
Todorokite,7.4.19,7,4,19
Behoite,7.4.2,7,4,2
Clinobehoite,7.4.3,7,4,3
Chrysoberyl,7.4.4,7,4,4
Magnesiotaaffeite-2Nâ€™2S,7.4.5,7,4,5
Magnesiotaaffeite-6Nâ€™3S,7.4.6,7,4,6
Periclase,7.4.7,7,4,7
Brucite,7.4.8,7,4,8
Spinel,7.4.9,7,4,9
Zincite,7.5.1,7,5,1
Franklinite,7.5.10,7,5,10
Monteponite,7.5.11,7,5,11
Montroydite,7.5.12,7,5,12
Sweetite,7.5.2,7,5,2
Ashoverite,7.5.3,7,5,3
WÃ¼lfingite,7.5.4,7,5,4
Gahnite,7.5.5,7,5,5
Hetaerolite,7.5.6,7,5,6
Hydrohetaerolite,7.5.7,7,5,7
Chalcophanite,7.5.8,7,5,8
Woodruffite,7.5.9,7,5,9
Corundum,7.6.1,7,6,1
Diaspore,7.6.2,7,6,2
Böhmite,7.6.3,7,6,3
Gibbsite,7.6.4,7,6,4
Bayerite,7.6.5,7,6,5
Nordstrandite,7.6.6,7,6,6
Doyleite,7.6.7,7,6,7
Akdalaite,7.6.8,7,6,8
Söhngeite,7.7.1,7,7,1
Cerianite-(Ce),7.7.2,7,7,2
Avicennite,7.7.3,7,7,3
Dzhalindite,7.7.4,7,7,4
Quartz,7.8.1,7,8,1
Coesite,7.8.2,7,8,2
Tridymite,7.8.3,7,8,3
Stishovite,7.8.4,7,8,4
Cristobalite,7.8.5,7,8,5
Lechatelierite,7.8.6,7,8,6
Silhydrite,7.8.7,7,8,7
Opal,7.8.8,7,8,8
MogÃ¡nite,7.8.9,7,8,9
Hongquiite,7.9.1,7,9,1
Lucasite-(Ce),7.9.10,7,9,10
Hibonite,7.9.11,7,9,11
Yttrocrasite-(Y),7.9.12,7,9,12
Pyrophanite,7.9.13,7,9,13
Jacobsite-Q,7.9.14,7,9,14
Ilmenite,7.9.15,7,9,15
Pseudobrookite,7.9.16,7,9,16
Ulvöspinel,7.9.17,7,9,17
Pseudorutile,7.9.18,7,9,18
Freudenbergite,7.9.19,7,9,19
Rutile,7.9.2,7,9,2
Kennedyite,7.9.20,7,9,20
Armalcolite,7.9.21,7,9,21
Högbomite,7.9.22,7,9,22
Qandilite,7.9.23,7,9,23
Cafetite,7.9.24,7,9,24
Loveringite,7.9.25,7,9,25
Lindsleyite,7.9.26,7,9,26
Priderite,7.9.27,7,9,27
Jeppeite,7.9.28,7,9,28
Ankangite,7.9.29,7,9,29
Anatase,7.9.3,7,9,3
Ecandrewsite,7.9.30,7,9,30
Landauite,7.9.31,7,9,31
Brookite,7.9.4,7,9,4
Geikielite,7.9.5,7,9,5
Perovskite,7.9.6,7,9,6
Kassite,7.9.7,7,9,7
Tausonite,7.9.8,7,9,8
Crichtonite,7.9.9,7,9,9
Griceite,8.1.1,8,1,1
Villiaumite,8.1.2,8,1,2
Halite,8.1.3,8,1,3
Hydrohalite,8.1.4,8,1,4
Carobbiite,8.1.5,8,1,5
Sylvite,8.1.6,8,1,6
Salammoniac,8.1.7,8,1,7
Scacchite,8.10.1,8,10,1
Kempite,8.10.2,8,10,2
Chlormanganokalite,8.10.3,8,10,3
Molysite,8.11.1,8,11,1
Lawrencite,8.11.10,8,11,10
Hydromolysite,8.11.2,8,11,2
RokÃ¼hnite,8.11.3,8,11,3
Douglasite,8.11.4,8,11,4
Erythrosiderite,8.11.5,8,11,5
Rinneite,8.11.6,8,11,6
Kremersite,8.11.7,8,11,7
Iowaite,8.11.8,8,11,8
Nickelbischofite,8.11.9,8,11,9
Ferruccite,8.12.1,8,12,1
Avogadrite,8.12.2,8,12,2
Malladrite,8.12.3,8,12,3
Hieratite,8.12.4,8,12,4
Cryptohalite,8.12.5,8,12,5
Bararite,8.12.6,8,12,6
Nantokite,8.2.1,8,2,1
Claringbullite,8.2.10,8,2,10
Marshite,8.2.11,8,2,11
Mitscherlichite,8.2.12,8,2,12
Ponomarevite,8.2.13,8,2,13
Tolbachite,8.2.2,8,2,2
Eriochalcite,8.2.3,8,2,3
Atacamite,8.2.4,8,2,4
Paratacamite,8.2.5,8,2,5
Botallackite,8.2.6,8,2,6
Melanothallite,8.2.7,8,2,7
Calumetite,8.2.8,8,2,8
Anthonyite,8.2.9,8,2,9
Chlorargyrite,8.3.1,8,3,1
Bromargyrite,8.3.2,8,3,2
Bromian Chlorargyrite,8.3.3,8,3,3
Iodargyrite,8.3.4,8,3,4
Miersite,8.3.5,8,3,5
Sellaite,8.4.1,8,4,1
Chlorocalcite,8.4.10,8,4,10
Rorisite,8.4.11,8,4,11
Jarlite,8.4.12,8,4,12
Calcjarlite,8.4.13,8,4,13
Tikhonenkovite,8.4.14,8,4,14
Acuminite,8.4.15,8,4,15
Frankdicksonite,8.4.16,8,4,16
Usovite,8.4.17,8,4,17
BÃ¸gvadite,8.4.18,8,4,18
Neighborite,8.4.2,8,4,2
Bischofite,8.4.3,8,4,3
Korshunovskite,8.4.4,8,4,4
Carnallite,8.4.5,8,4,5
Tachyhydrite,8.4.6,8,4,6
Fluorite,8.4.7,8,4,7
Sinjarite,8.4.8,8,4,8
Antarcticite,8.4.9,8,4,9
Simonkolleite,8.5.1,8,5,1
Moschelite,8.5.10,8,5,10
Tocornalite,8.5.11,8,5,11
Calomel,8.5.2,8,5,2
Terlinguaite,8.5.3,8,5,3
Poyarkovite,8.5.4,8,5,4
Pinchite,8.5.5,8,5,5
Eglestonite,8.5.6,8,5,6
Kadyrelite,8.5.7,8,5,7
Comancheite,8.5.8,8,5,8
Kuzminite,8.5.9,8,5,9
Zharchikhite,8.6.1,8,6,1
Koenenite,8.6.10,8,6,10
Chlor-manasseite,8.6.11,8,6,11
"Gearksutite""",8.6.12,8,6,12
Prosopite,8.6.13,8,6,13
Yaroslavite,8.6.14,8,6,14
Carlhintzeite,8.6.15,8,6,15
Colquiriite,8.6.16,8,6,16
Thomsenolite,8.6.17,8,6,17
Pachnolite,8.6.18,8,6,18
Zirklerite,8.6.19,8,6,19
Chloraluminite,8.6.2,8,6,2
Cadwaladerite,8.6.3,8,6,3
Cryolithionite,8.6.4,8,6,4
Cryolite,8.6.5,8,6,5
Chiolite,8.6.6,8,6,6
Elpasolite,8.6.7,8,6,7
Weberite,8.6.8,8,6,8
Hydrokenoralstonite,8.6.9,8,6,9
Fluocerite-(Ce),8.7.1,8,7,1
Fluocerite-(La),8.7.2,8,7,2
Tveitite-(Y),8.7.3,8,7,3
Gagarinite-(Y),8.7.4,8,7,4
Abhurite,8.8.1,8,8,1
Fiedlerite,8.8.10,8,8,10
Blixite,8.8.11,8,8,11
Pseudocotunnite,8.8.12,8,8,12
Diaboleite,8.8.13,8,8,13
Pseudoboleite,8.8.14,8,8,14
Chloroxiphite,8.8.15,8,8,15
Bideauxite,8.8.17,8,8,17
Boleite,8.8.18,8,8,18
Aravaipaite,8.8.19,8,8,19
Matlockite,8.8.2,8,8,2
Yedlinite,8.8.20,8,8,20
Kolarite,8.8.21,8,8,21
Hematophanite,8.8.22,8,8,22
Laurelite,8.8.3,8,8,3
Cotunnite,8.8.4,8,8,4
Mendipite,8.8.5,8,8,5
Damaraite,8.8.6,8,8,6
Laurionite,8.8.7,8,8,7
Paralaurionite,8.8.8,8,8,8
Penfieldite,8.8.9,8,8,9
Onoratoite,8.9.1,8,9,1
Kelyanite,8.9.2,8,9,2
Gananite,8.9.3,8,9,3
Zavaritskite,8.9.4,8,9,4
Bismoclite,8.9.5,8,9,5
DaubrÃ©eite,8.9.6,8,9,6
Perite,8.9.7,8,9,7
Sassolite,9.1.1,9,1,1
Ameghinite,9.1.10,9,1,10
Sborgite,9.1.11,9,1,11
Aristarainite,9.1.12,9,1,12
Santite,9.1.13,9,1,13
Larderellite,9.1.14,9,1,14
Ammonioborite,9.1.15,9,1,15
Rhodizite,9.1.16,9,1,16
Metaborite,9.1.2,9,1,2
Diomignite,9.1.3,9,1,3
Biringuccite,9.1.4,9,1,4
Nasinite,9.1.5,9,1,5
Kernite,9.1.6,9,1,6
Ezcurrite,9.1.7,9,1,7
Tincalconite,9.1.8,9,1,8
Borax,9.1.9,9,1,9
Hambergite,9.2.1,9,2,1
Halurgite,9.2.10,9,2,10
Inderite,9.2.11,9,2,11
Hungchaoite,9.2.12,9,2,12
Admontite,9.2.13,9,2,13
Mcallisterite,9.2.14,9,2,14
Rivadavite,9.2.15,9,2,15
Kaliborite,9.2.16,9,2,16
Iquiqueite,9.2.17,9,2,17
Suanite,9.2.2,9,2,2
Kotoite,9.2.3,9,2,3
SzaibÃ©lyite,9.2.4,9,2,4
Preobrazhenskite,9.2.5,9,2,5
Aksaite,9.2.6,9,2,6
Wightmanite,9.2.7,9,2,7
Pinnoite,9.2.8,9,2,8
Kurnakovite,9.2.9,9,2,9
Calciborite,9.3.1,9,3,1
Nifontovite,9.3.10,9,3,10
Inyoite,9.3.12,9,3,12
Gowerite,9.3.13,9,3,13
Colemanite,9.3.14,9,3,14
Pentahydroborite,9.3.15,9,3,15
Hexahydroborite,9.3.16,9,3,16
Meyerhofferite,9.3.17,9,3,17
Priceite,9.3.18,9,3,18
Ginorite,9.3.19,9,3,19
Sibirskite,9.3.2,9,3,2
Probertite,9.3.20,9,3,20
Ulexite,9.3.21,9,3,21
Hydroboracite,9.3.22,9,3,22
Inderborite,9.3.23,9,3,23
Wardsmithite,9.3.24,9,3,24
Henmilite,9.3.25,9,3,25
Strontioborite,9.3.26,9,3,26
Veatchite,9.3.27,9,3,27
Veatchite-A,9.3.28,9,3,28
P-Veatchite,9.3.29,9,3,29
"Fabianite""",9.3.3,9,3,3
Balavinskite,9.3.30,9,3,30
Tunellite,9.3.31,9,3,31
Strontioginorite,9.3.32,9,3,32
Uralborite,9.3.4,9,3,4
Vimsite,9.3.5,9,3,5
Olshanskyite,9.3.6,9,3,6
Frolovite,9.3.7,9,3,7
Korzhinskite,9.3.8,9,3,8
Tyretskite,9.3.9,9,3,9
Roweite,9.4.1,9,4,1
Fedorovskite,9.4.2,9,4,2
Sinhalite,9.5.2,9,5,2
Braitschite-(Ce),9.5.3,9,5,3
Warwickite,9.6.1,9,6,1
Azoproite,9.6.2,9,6,2
Nordenskiöldine,9.6.3,9,6,3
Hulsite,9.6.4,9,6,4
Magnesiohulsite,9.6.5,9,6,5
BÃ©hierite,9.6.6,9,6,6
Pinakiolite,9.7.1,9,7,1
Tusionite,9.7.10,9,7,10
Orthopinakiolite,9.7.2,9,7,2
Jimboite,9.7.3,9,7,3
Sussexite,9.7.4,9,7,4
Wiserite,9.7.5,9,7,5
Kurchatovite,9.7.6,9,7,6
Clinokurchatovite,9.7.7,9,7,7
Takéuchiite,9.7.8,9,7,8
Blatterite,9.7.9,9,7,9
Vonsenite,9.8.1,9,8,1
Ludwigite,9.8.2,9,8,2
Fredrikssonite,9.8.3,9,8,3
Chestermanite,9.8.4,9,8,4
Bonaccordite,9.9.1,9,9,1
