Division,Class,Clan,Group,Subgroup
Chondrites,Carbonaceous,CI,CI,
Chondrites,Carbonaceous,CM-CO,CM,
Chondrites,Carbonaceous,CM-CO,CO,
Chondrites,Carbonaceous,CR,CB,
Chondrites,Carbonaceous,CR,CB,CB a
Chondrites,Carbonaceous,CR,CB,CB b
Chondrites,Carbonaceous,CR,CH,
Chondrites,Carbonaceous,CR,CR,
Chondrites,Carbonaceous,CV-CK,CV,
Chondrites,Carbonaceous,CV-CK,CV,CV a
Chondrites,Carbonaceous,CV-CK,CV,CV b
Chondrites,Carbonaceous,CV-CK,CV,CV reduced
Chondrites,Carbonaceous,CV-CK,CK,
Chondrites,Enstatite,EH-EL,EH,
Chondrites,Enstatite,EH-EL,EL,
Chondrites,Ordinary,H-L-LL,H,
Chondrites,Ordinary,H-L-LL,L,
Chondrites,Ordinary,H-L-LL,LL,
Chondrites,,,R,
Chondrites,,,K,
Primitive Achondrites,,ACA-LOD,Acapulcoite,
Primitive Achondrites,,ACA-LOD,Lodranite,
Primitive Achondrites,,,Brachinite,
Primitive Achondrites,,,Ureilite,
Primitive Achondrites,,WIN-IAB-IICD,Winonaite,
Primitive Achondrites,,WIN-IAB-IICD,IAB,
Primitive Achondrites,,WIN-IAB-IICD,IICD,
Differentiated Achondrites,,,Angrite,
Differentiated Achondrites,,,Aubrite,
Differentiated Achondrites,,HED,Diogenite,
Differentiated Achondrites,,HED,Eucrite,
Differentiated Achondrites,,HED,Howardite,
Differentiated Achondrites,,Iron,IC,
Differentiated Achondrites,,Iron,IIAB,
Differentiated Achondrites,,Iron,IICD,
Differentiated Achondrites,,Iron,IID,
Differentiated Achondrites,,Iron,IIE,
Differentiated Achondrites,,Iron,IIIAB,
Differentiated Achondrites,,Iron,IIIE,
Differentiated Achondrites,,Iron,IIIF,
Differentiated Achondrites,,Iron,IVA,
Differentiated Achondrites,,Iron,IVB,
Differentiated Achondrites,,,Lunar,
Differentiated Achondrites,,Martian,Chassignite,
Differentiated Achondrites,,Martian,Nakhlite,
Differentiated Achondrites,,Martian,Orthopyroxenite,
Differentiated Achondrites,,Martian,Shergottite,
Differentiated Achondrites,,,Mesosiderite,
Differentiated Achondrites,,Pallasite,Main Group Pallasite,
Differentiated Achondrites,,Pallasite,Eagle Station Pallasite,
Differentiated Achondrites,,Pallasite,Pyroxene Pallasite,